timestamp;buyer;seller;symbol;currency;price;quantity
3005200;Vinnie;Vinnie;COCONUT;SEASHELLS;9997.0;8
3009300;Raj;Vinnie;COCONUT;SEASHELLS;10005.0;6
3010900;Vinnie;Vinnie;COCONUT;SEASHELLS;10007.0;10
3012500;Vinnie;Raj;COCONUT;SEASHELLS;10003.0;10
3014900;Vinnie;Vinnie;COCONUT;SEASHELLS;10004.0;10
3016000;Vinnie;Vinnie;COCONUT;SEASHELLS;10001.0;8
3016200;Vinnie;Vinnie;COCONUT;SEASHELLS;10000.0;10
3017100;Vinnie;Vinnie;COCONUT;SEASHELLS;10000.0;10
3020100;Vinnie;Vinnie;COCONUT;SEASHELLS;9990.0;5
3020100;Vinnie;Raj;COCONUT;SEASHELLS;9990.0;10
3020800;Vinnie;Raj;COCONUT;SEASHELLS;9993.0;10
3023600;Vinnie;Vinnie;COCONUT;SEASHELLS;9988.0;7
3023800;Vinnie;Vinnie;COCONUT;SEASHELLS;9988.0;5
3024900;Vinnie;Vinnie;COCONUT;SEASHELLS;9990.0;6
3025400;Vinnie;Vinnie;COCONUT;SEASHELLS;9991.0;10
3025700;Vinnie;Vinnie;COCONUT;SEASHELLS;9993.0;9
3026500;Rhianna;Vinnie;COCONUT;SEASHELLS;9996.0;3
3030200;Vinnie;Vinnie;COCONUT;SEASHELLS;9994.0;7
3030500;Vinnie;Vinnie;COCONUT;SEASHELLS;9993.0;9
3031300;Vinnie;Vinnie;COCONUT;SEASHELLS;9993.0;7
3032400;Vinnie;Vinnie;COCONUT;SEASHELLS;9993.0;5
3033000;Vinnie;Rhianna;COCONUT;SEASHELLS;9994.0;1
3033200;Vinnie;Vinnie;COCONUT;SEASHELLS;9994.0;10
3041200;Vinnie;Vinnie;COCONUT;SEASHELLS;9981.0;9
3041600;Vinnie;Vinnie;COCONUT;SEASHELLS;9978.0;10
3042400;Vinnie;Vinnie;COCONUT;SEASHELLS;9979.0;8
3042700;Vinnie;Vinnie;COCONUT;SEASHELLS;9978.0;5
3042900;Vinnie;Vinnie;COCONUT;SEASHELLS;9975.0;5
3043100;Raj;Vinnie;COCONUT;SEASHELLS;9974.0;8
3043300;Vinnie;Vinnie;COCONUT;SEASHELLS;9975.0;9
3046300;Vinnie;Vinnie;COCONUT;SEASHELLS;9970.0;5
3046400;Vinnie;Raj;COCONUT;SEASHELLS;9969.0;8
3048100;Raj;Vinnie;COCONUT;SEASHELLS;9969.0;8
3048600;Vinnie;Vinnie;COCONUT;SEASHELLS;9964.0;5
3051300;Rhianna;Vinnie;COCONUT;SEASHELLS;9969.0;3
3052200;Vinnie;Vinnie;COCONUT;SEASHELLS;9970.0;8
3052800;Vinnie;Rhianna;COCONUT;SEASHELLS;9972.0;3
3054100;Vinnie;Raj;COCONUT;SEASHELLS;9975.0;6
3055400;Vinnie;Rhianna;COCONUT;SEASHELLS;9974.0;3
3056200;Vinnie;Vinnie;COCONUT;SEASHELLS;9973.0;9
3058000;Rhianna;Vinnie;COCONUT;SEASHELLS;9966.0;2
3058800;Vinnie;Raj;COCONUT;SEASHELLS;9962.0;5
3059300;Vinnie;Vinnie;COCONUT;SEASHELLS;9960.0;5
3061100;Vinnie;Vinnie;COCONUT;SEASHELLS;9956.0;9
3061600;Vinnie;Rhianna;COCONUT;SEASHELLS;9952.0;3
3064100;Rhianna;Vinnie;COCONUT;SEASHELLS;9947.0;3
3065500;Vinnie;Vinnie;COCONUT;SEASHELLS;9943.0;5
3065800;Vinnie;Vinnie;COCONUT;SEASHELLS;9945.0;7
3066900;Vinnie;Vinnie;COCONUT;SEASHELLS;9943.0;7
3069100;Vinnie;Vinnie;COCONUT;SEASHELLS;9954.0;10
3069900;Vinnie;Vinnie;COCONUT;SEASHELLS;9953.0;8
3070300;Raj;Vinnie;COCONUT;SEASHELLS;9952.0;7
3071400;Vinnie;Vinnie;COCONUT;SEASHELLS;9955.0;6
3071800;Vinnie;Vinnie;COCONUT;SEASHELLS;9956.0;8
3073100;Vinnie;Vinnie;COCONUT;SEASHELLS;9955.0;9
3074100;Rhianna;Vinnie;COCONUT;SEASHELLS;9960.0;3
3075000;Vinnie;Vinnie;COCONUT;SEASHELLS;9963.0;7
3077200;Vinnie;Vinnie;COCONUT;SEASHELLS;9958.0;8
3077700;Vinnie;Vinnie;COCONUT;SEASHELLS;9954.0;6
3078400;Vinnie;Raj;COCONUT;SEASHELLS;9956.0;5
3079300;Vinnie;Vinnie;COCONUT;SEASHELLS;9953.0;7
3082900;Vinnie;Vinnie;COCONUT;SEASHELLS;9961.0;5
3085500;Vinnie;Vinnie;COCONUT;SEASHELLS;9952.0;9
3086500;Vinnie;Vinnie;COCONUT;SEASHELLS;9950.0;6
3088500;Vinnie;Vinnie;COCONUT;SEASHELLS;9949.0;9
3089300;Vinnie;Vinnie;COCONUT;SEASHELLS;9941.0;5
3090300;Vinnie;Vinnie;COCONUT;SEASHELLS;9943.0;9
3096500;Vinnie;Vinnie;COCONUT;SEASHELLS;9951.0;5
3097100;Raj;Vinnie;COCONUT;SEASHELLS;9952.0;7
3097300;Vinnie;Vinnie;COCONUT;SEASHELLS;9950.0;7
3102400;Raj;Vinnie;COCONUT;SEASHELLS;9958.0;8
3102800;Vinnie;Vinnie;COCONUT;SEASHELLS;9955.0;6
3103200;Vinnie;Vinnie;COCONUT;SEASHELLS;9957.0;5
3103500;Vinnie;Vinnie;COCONUT;SEASHELLS;9956.0;5
3106000;Vinnie;Vinnie;COCONUT;SEASHELLS;9953.0;9
3106100;Vinnie;Vinnie;COCONUT;SEASHELLS;9953.0;8
3107200;Vinnie;Vinnie;COCONUT;SEASHELLS;9951.0;8
3107500;Raj;Vinnie;COCONUT;SEASHELLS;9952.0;6
3108500;Vinnie;Raj;COCONUT;SEASHELLS;9948.0;5
3112800;Vinnie;Vinnie;COCONUT;SEASHELLS;9966.0;9
3114200;Vinnie;Vinnie;COCONUT;SEASHELLS;9958.0;9
3117000;Vinnie;Vinnie;COCONUT;SEASHELLS;9950.0;10
3118100;Vinnie;Vinnie;COCONUT;SEASHELLS;9948.0;5
3118600;Vinnie;Rhianna;COCONUT;SEASHELLS;9949.0;3
3118900;Vinnie;Vinnie;COCONUT;SEASHELLS;9950.0;6
3125200;Vinnie;Vinnie;COCONUT;SEASHELLS;9956.0;8
3125600;Vinnie;Vinnie;COCONUT;SEASHELLS;9955.0;9
3125600;Rhianna;Vinnie;COCONUT;SEASHELLS;9956.0;3
3127100;Raj;Vinnie;COCONUT;SEASHELLS;9958.0;6
3128300;Vinnie;Vinnie;COCONUT;SEASHELLS;9958.0;8
3128500;Vinnie;Raj;COCONUT;SEASHELLS;9956.0;8
3131200;Vinnie;Vinnie;COCONUT;SEASHELLS;9956.0;5
3134100;Vinnie;Vinnie;COCONUT;SEASHELLS;9962.0;5
3136000;Vinnie;Raj;COCONUT;SEASHELLS;9970.0;9
3140500;Vinnie;Vinnie;COCONUT;SEASHELLS;9961.0;7
3140900;Vinnie;Vinnie;COCONUT;SEASHELLS;9963.0;8
3142500;Raj;Vinnie;COCONUT;SEASHELLS;9962.0;10
3143500;Raj;Vinnie;COCONUT;SEASHELLS;9960.0;9
3146900;Vinnie;Vinnie;COCONUT;SEASHELLS;9959.0;9
3147500;Vinnie;Raj;COCONUT;SEASHELLS;9959.0;8
3148900;Vinnie;Vinnie;COCONUT;SEASHELLS;9958.0;10
3149800;Vinnie;Vinnie;COCONUT;SEASHELLS;9957.0;10
3150500;Vinnie;Rhianna;COCONUT;SEASHELLS;9958.0;1
3154100;Vinnie;Rhianna;COCONUT;SEASHELLS;9963.0;3
3154200;Vinnie;Raj;COCONUT;SEASHELLS;9964.0;8
3156100;Rhianna;Vinnie;COCONUT;SEASHELLS;9968.0;1
3157900;Vinnie;Vinnie;COCONUT;SEASHELLS;9973.0;5
3159900;Vinnie;Vinnie;COCONUT;SEASHELLS;9971.0;8
3162900;Vinnie;Vinnie;COCONUT;SEASHELLS;9973.0;7
3165700;Vinnie;Vinnie;COCONUT;SEASHELLS;9979.0;5
3166600;Vinnie;Vinnie;COCONUT;SEASHELLS;9977.0;7
3168200;Vinnie;Vinnie;COCONUT;SEASHELLS;9973.0;9
3171100;Vinnie;Raj;COCONUT;SEASHELLS;9972.0;9
3172500;Vinnie;Vinnie;COCONUT;SEASHELLS;9975.0;9
3173900;Vinnie;Rhianna;COCONUT;SEASHELLS;9978.0;1
3175000;Vinnie;Vinnie;COCONUT;SEASHELLS;9978.0;5
3175700;Raj;Vinnie;COCONUT;SEASHELLS;9980.0;8
3176900;Rhianna;Vinnie;COCONUT;SEASHELLS;9975.0;2
3177700;Rhianna;Vinnie;COCONUT;SEASHELLS;9975.0;2
3178400;Vinnie;Raj;COCONUT;SEASHELLS;9975.0;10
3179400;Rhianna;Vinnie;COCONUT;SEASHELLS;9976.0;3
3179800;Vinnie;Raj;COCONUT;SEASHELLS;9974.0;5
3182200;Vinnie;Vinnie;COCONUT;SEASHELLS;9971.0;10
3182700;Vinnie;Vinnie;COCONUT;SEASHELLS;9970.0;5
3183600;Vinnie;Vinnie;COCONUT;SEASHELLS;9975.0;9
3183700;Vinnie;Vinnie;COCONUT;SEASHELLS;9976.0;9
3183700;Vinnie;Raj;COCONUT;SEASHELLS;9976.0;8
3184700;Vinnie;Vinnie;COCONUT;SEASHELLS;9974.0;10
3185500;Vinnie;Vinnie;COCONUT;SEASHELLS;9971.0;7
3188300;Vinnie;Rhianna;COCONUT;SEASHELLS;9976.0;2
3188800;Vinnie;Vinnie;COCONUT;SEASHELLS;9978.0;5
3189800;Vinnie;Vinnie;COCONUT;SEASHELLS;9975.0;6
3195100;Vinnie;Vinnie;COCONUT;SEASHELLS;9978.0;9
3197000;Rhianna;Vinnie;COCONUT;SEASHELLS;9974.0;2
3197600;Vinnie;Vinnie;COCONUT;SEASHELLS;9973.0;6
3198600;Vinnie;Vinnie;COCONUT;SEASHELLS;9976.0;5
3204000;Vinnie;Vinnie;COCONUT;SEASHELLS;9975.0;5
3207300;Vinnie;Rhianna;COCONUT;SEASHELLS;9970.0;2
3209200;Vinnie;Vinnie;COCONUT;SEASHELLS;9965.0;6
3211200;Vinnie;Raj;COCONUT;SEASHELLS;9967.0;8
3212100;Vinnie;Vinnie;COCONUT;SEASHELLS;9966.0;9
3212300;Vinnie;Vinnie;COCONUT;SEASHELLS;9966.0;5
3214700;Raj;Vinnie;COCONUT;SEASHELLS;9964.0;10
3218300;Raj;Vinnie;COCONUT;SEASHELLS;9968.0;7
3218800;Vinnie;Vinnie;COCONUT;SEASHELLS;9966.0;5
3221100;Vinnie;Vinnie;COCONUT;SEASHELLS;9960.0;9
3221200;Vinnie;Vinnie;COCONUT;SEASHELLS;9960.0;5
3221300;Vinnie;Vinnie;COCONUT;SEASHELLS;9961.0;5
3222600;Vinnie;Vinnie;COCONUT;SEASHELLS;9962.0;9
3226700;Vinnie;Vinnie;COCONUT;SEASHELLS;9957.0;5
3229400;Vinnie;Vinnie;COCONUT;SEASHELLS;9961.0;10
3232700;Raj;Vinnie;COCONUT;SEASHELLS;9959.0;7
3232900;Rhianna;Vinnie;COCONUT;SEASHELLS;9958.0;2
3234600;Vinnie;Vinnie;COCONUT;SEASHELLS;9957.0;8
3235400;Vinnie;Vinnie;COCONUT;SEASHELLS;9961.0;5
3243100;Vinnie;Vinnie;COCONUT;SEASHELLS;9957.0;10
3246900;Vinnie;Vinnie;COCONUT;SEASHELLS;9955.0;7
3247500;Rhianna;Vinnie;COCONUT;SEASHELLS;9952.0;1
3249100;Vinnie;Vinnie;COCONUT;SEASHELLS;9951.0;9
3249200;Vinnie;Vinnie;COCONUT;SEASHELLS;9950.0;7
3250000;Raj;Vinnie;COCONUT;SEASHELLS;9951.0;10
3250300;Vinnie;Raj;COCONUT;SEASHELLS;9951.0;9
3251400;Vinnie;Vinnie;COCONUT;SEASHELLS;9955.0;7
3253300;Vinnie;Raj;COCONUT;SEASHELLS;9955.0;5
3254500;Vinnie;Vinnie;COCONUT;SEASHELLS;9955.0;10
3254900;Vinnie;Vinnie;COCONUT;SEASHELLS;9956.0;5
3255300;Vinnie;Vinnie;COCONUT;SEASHELLS;9956.0;9
3256800;Vinnie;Raj;COCONUT;SEASHELLS;9958.0;8
3257700;Vinnie;Vinnie;COCONUT;SEASHELLS;9959.0;8
3258700;Rhianna;Vinnie;COCONUT;SEASHELLS;9963.0;3
3258900;Rhianna;Vinnie;COCONUT;SEASHELLS;9963.0;1
3260900;Vinnie;Vinnie;COCONUT;SEASHELLS;9971.0;8
3264700;Raj;Vinnie;COCONUT;SEASHELLS;9966.0;6
3266200;Vinnie;Vinnie;COCONUT;SEASHELLS;9963.0;5
3266900;Rhianna;Vinnie;COCONUT;SEASHELLS;9969.0;3
3267200;Raj;Vinnie;COCONUT;SEASHELLS;9970.0;10
3269500;Vinnie;Rhianna;COCONUT;SEASHELLS;9977.0;2
3270000;Vinnie;Vinnie;COCONUT;SEASHELLS;9975.0;6
3270200;Vinnie;Vinnie;COCONUT;SEASHELLS;9975.0;6
3270500;Vinnie;Vinnie;COCONUT;SEASHELLS;9973.0;8
3274700;Vinnie;Vinnie;COCONUT;SEASHELLS;9981.0;6
3275000;Vinnie;Rhianna;COCONUT;SEASHELLS;9980.0;1
3280500;Vinnie;Vinnie;COCONUT;SEASHELLS;9991.0;6
3283000;Vinnie;Rhianna;COCONUT;SEASHELLS;9989.0;3
3285000;Vinnie;Vinnie;COCONUT;SEASHELLS;9991.0;8
3287700;Vinnie;Vinnie;COCONUT;SEASHELLS;10001.0;10
3289700;Vinnie;Vinnie;COCONUT;SEASHELLS;10009.0;6
3298700;Vinnie;Vinnie;COCONUT;SEASHELLS;10027.0;9
3300800;Raj;Vinnie;COCONUT;SEASHELLS;10028.0;9
3302100;Vinnie;Vinnie;COCONUT;SEASHELLS;10028.0;5
3302600;Raj;Vinnie;COCONUT;SEASHELLS;10033.0;6
3302700;Vinnie;Vinnie;COCONUT;SEASHELLS;10033.0;7
3302900;Vinnie;Vinnie;COCONUT;SEASHELLS;10033.0;10
3304500;Raj;Vinnie;COCONUT;SEASHELLS;10029.0;7
3309200;Vinnie;Vinnie;COCONUT;SEASHELLS;10027.0;10
3309300;Raj;Vinnie;COCONUT;SEASHELLS;10029.0;7
3309500;Vinnie;Vinnie;COCONUT;SEASHELLS;10027.0;8
3311000;Vinnie;Rhianna;COCONUT;SEASHELLS;10024.0;1
3311000;Vinnie;Vinnie;COCONUT;SEASHELLS;10024.0;6
3311100;Vinnie;Raj;COCONUT;SEASHELLS;10023.0;8
3313000;Raj;Vinnie;COCONUT;SEASHELLS;10024.0;7
3314100;Vinnie;Vinnie;COCONUT;SEASHELLS;10022.0;8
3315900;Vinnie;Vinnie;COCONUT;SEASHELLS;10020.0;6
3316900;Vinnie;Vinnie;COCONUT;SEASHELLS;10023.0;6
3319300;Vinnie;Raj;COCONUT;SEASHELLS;10018.0;8
3320200;Vinnie;Rhianna;COCONUT;SEASHELLS;10024.0;2
3322100;Raj;Vinnie;COCONUT;SEASHELLS;10027.0;6
3322600;Vinnie;Vinnie;COCONUT;SEASHELLS;10029.0;6
3323200;Rhianna;Vinnie;COCONUT;SEASHELLS;10032.0;1
3323300;Vinnie;Vinnie;COCONUT;SEASHELLS;10029.0;8
3324000;Vinnie;Vinnie;COCONUT;SEASHELLS;10026.0;6
3325100;Vinnie;Vinnie;COCONUT;SEASHELLS;10024.0;9
3326700;Vinnie;Vinnie;COCONUT;SEASHELLS;10027.0;7
3329300;Vinnie;Raj;COCONUT;SEASHELLS;10038.0;6
3329300;Vinnie;Rhianna;COCONUT;SEASHELLS;10038.0;2
3329500;Vinnie;Rhianna;COCONUT;SEASHELLS;10038.0;2
3330200;Raj;Vinnie;COCONUT;SEASHELLS;10044.0;8
3330900;Vinnie;Vinnie;COCONUT;SEASHELLS;10045.0;10
3332100;Rhianna;Vinnie;COCONUT;SEASHELLS;10052.0;1
3332800;Vinnie;Rhianna;COCONUT;SEASHELLS;10050.0;1
3335500;Vinnie;Vinnie;COCONUT;SEASHELLS;10040.0;5
3336000;Vinnie;Rhianna;COCONUT;SEASHELLS;10040.0;3
3336200;Vinnie;Vinnie;COCONUT;SEASHELLS;10039.0;7
3338200;Vinnie;Vinnie;COCONUT;SEASHELLS;10038.0;8
3340400;Rhianna;Vinnie;COCONUT;SEASHELLS;10041.0;1
3341000;Vinnie;Vinnie;COCONUT;SEASHELLS;10041.0;6
3341900;Vinnie;Vinnie;COCONUT;SEASHELLS;10043.0;6
3343400;Vinnie;Vinnie;COCONUT;SEASHELLS;10042.0;5
3344200;Vinnie;Vinnie;COCONUT;SEASHELLS;10037.0;6
3346700;Raj;Vinnie;COCONUT;SEASHELLS;10043.0;9
3347300;Rhianna;Vinnie;COCONUT;SEASHELLS;10041.0;2
3350700;Raj;Vinnie;COCONUT;SEASHELLS;10039.0;10
3352200;Vinnie;Rhianna;COCONUT;SEASHELLS;10043.0;1
3352200;Vinnie;Vinnie;COCONUT;SEASHELLS;10043.0;7
3354200;Vinnie;Vinnie;COCONUT;SEASHELLS;10043.0;9
3357400;Vinnie;Vinnie;COCONUT;SEASHELLS;10041.0;6
3357800;Raj;Vinnie;COCONUT;SEASHELLS;10041.0;8
3358700;Vinnie;Vinnie;COCONUT;SEASHELLS;10040.0;10
3359700;Vinnie;Raj;COCONUT;SEASHELLS;10041.0;10
3359900;Vinnie;Vinnie;COCONUT;SEASHELLS;10039.0;9
3360000;Vinnie;Vinnie;COCONUT;SEASHELLS;10038.0;9
3360800;Vinnie;Rhianna;COCONUT;SEASHELLS;10039.0;2
3362300;Vinnie;Rhianna;COCONUT;SEASHELLS;10044.0;3
3365400;Vinnie;Vinnie;COCONUT;SEASHELLS;10049.0;10
3366400;Vinnie;Vinnie;COCONUT;SEASHELLS;10050.0;8
3367100;Vinnie;Vinnie;COCONUT;SEASHELLS;10054.0;10
3367400;Vinnie;Raj;COCONUT;SEASHELLS;10053.0;9
3367600;Vinnie;Raj;COCONUT;SEASHELLS;10055.0;10
3371100;Rhianna;Vinnie;COCONUT;SEASHELLS;10056.0;1
3372200;Raj;Vinnie;COCONUT;SEASHELLS;10059.0;7
3375000;Rhianna;Vinnie;COCONUT;SEASHELLS;10060.0;3
3375200;Raj;Vinnie;COCONUT;SEASHELLS;10058.0;8
3378000;Vinnie;Vinnie;COCONUT;SEASHELLS;10059.0;5
3378200;Raj;Vinnie;COCONUT;SEASHELLS;10060.0;7
3378600;Vinnie;Vinnie;COCONUT;SEASHELLS;10059.0;9
3379600;Vinnie;Vinnie;COCONUT;SEASHELLS;10056.0;9
3386100;Vinnie;Vinnie;COCONUT;SEASHELLS;10063.0;9
3387100;Raj;Vinnie;COCONUT;SEASHELLS;10068.0;7
3388700;Vinnie;Vinnie;COCONUT;SEASHELLS;10061.0;9
3389200;Vinnie;Vinnie;COCONUT;SEASHELLS;10062.0;8
3390000;Vinnie;Vinnie;COCONUT;SEASHELLS;10061.0;9
3390900;Vinnie;Vinnie;COCONUT;SEASHELLS;10062.0;7
3394500;Vinnie;Vinnie;COCONUT;SEASHELLS;10062.0;10
3395200;Vinnie;Vinnie;COCONUT;SEASHELLS;10061.0;6
3395400;Vinnie;Rhianna;COCONUT;SEASHELLS;10059.0;3
3395600;Vinnie;Vinnie;COCONUT;SEASHELLS;10060.0;8
3396000;Vinnie;Vinnie;COCONUT;SEASHELLS;10063.0;9
3401400;Vinnie;Rhianna;COCONUT;SEASHELLS;10047.0;2
3401900;Vinnie;Vinnie;COCONUT;SEASHELLS;10043.0;9
3402800;Raj;Vinnie;COCONUT;SEASHELLS;10043.0;6
3404300;Vinnie;Rhianna;COCONUT;SEASHELLS;10036.0;1
3405900;Rhianna;Vinnie;COCONUT;SEASHELLS;10029.0;1
3406300;Vinnie;Vinnie;COCONUT;SEASHELLS;10030.0;9
3408200;Raj;Vinnie;COCONUT;SEASHELLS;10028.0;10
3408300;Vinnie;Vinnie;COCONUT;SEASHELLS;10026.0;5
3409700;Vinnie;Vinnie;COCONUT;SEASHELLS;10021.0;10
3409900;Vinnie;Vinnie;COCONUT;SEASHELLS;10020.0;6
3410000;Vinnie;Vinnie;COCONUT;SEASHELLS;10021.0;6
3410800;Vinnie;Vinnie;COCONUT;SEASHELLS;10023.0;7
3415500;Vinnie;Vinnie;COCONUT;SEASHELLS;10029.0;10
3416500;Rhianna;Vinnie;COCONUT;SEASHELLS;10026.0;1
3416600;Vinnie;Vinnie;COCONUT;SEASHELLS;10025.0;7
3417200;Vinnie;Vinnie;COCONUT;SEASHELLS;10018.0;6
3423100;Vinnie;Vinnie;COCONUT;SEASHELLS;10028.0;7
3423200;Raj;Vinnie;COCONUT;SEASHELLS;10030.0;9
3423700;Rhianna;Vinnie;COCONUT;SEASHELLS;10028.0;1
3424200;Rhianna;Vinnie;COCONUT;SEASHELLS;10028.0;2
3425600;Vinnie;Vinnie;COCONUT;SEASHELLS;10024.0;5
3426700;Vinnie;Vinnie;COCONUT;SEASHELLS;10030.0;8
3428100;Raj;Vinnie;COCONUT;SEASHELLS;10034.0;6
3430300;Vinnie;Vinnie;COCONUT;SEASHELLS;10041.0;9
3431900;Vinnie;Vinnie;COCONUT;SEASHELLS;10045.0;8
3433400;Vinnie;Raj;COCONUT;SEASHELLS;10042.0;10
3433900;Raj;Vinnie;COCONUT;SEASHELLS;10044.0;5
3434200;Vinnie;Raj;COCONUT;SEASHELLS;10044.0;8
3434300;Vinnie;Vinnie;COCONUT;SEASHELLS;10045.0;10
3436800;Rhianna;Vinnie;COCONUT;SEASHELLS;10048.0;1
3438600;Vinnie;Vinnie;COCONUT;SEASHELLS;10055.0;7
3440200;Vinnie;Vinnie;COCONUT;SEASHELLS;10058.0;9
3442300;Vinnie;Vinnie;COCONUT;SEASHELLS;10055.0;10
3443900;Vinnie;Vinnie;COCONUT;SEASHELLS;10056.0;7
3444400;Vinnie;Vinnie;COCONUT;SEASHELLS;10054.0;8
3444700;Vinnie;Vinnie;COCONUT;SEASHELLS;10054.0;5
3447600;Rhianna;Vinnie;COCONUT;SEASHELLS;10052.0;1
3452300;Vinnie;Vinnie;COCONUT;SEASHELLS;10056.0;6
3454200;Vinnie;Vinnie;COCONUT;SEASHELLS;10065.0;9
3455000;Vinnie;Rhianna;COCONUT;SEASHELLS;10064.0;3
3456500;Vinnie;Raj;COCONUT;SEASHELLS;10061.0;10
3457400;Vinnie;Vinnie;COCONUT;SEASHELLS;10061.0;5
3459000;Vinnie;Vinnie;COCONUT;SEASHELLS;10063.0;9
3461800;Vinnie;Rhianna;COCONUT;SEASHELLS;10059.0;1
3462200;Vinnie;Rhianna;COCONUT;SEASHELLS;10058.0;3
3463500;Vinnie;Vinnie;COCONUT;SEASHELLS;10056.0;8
3464100;Vinnie;Vinnie;COCONUT;SEASHELLS;10057.0;7
3464400;Vinnie;Vinnie;COCONUT;SEASHELLS;10057.0;6
3466100;Raj;Vinnie;COCONUT;SEASHELLS;10057.0;10
3468000;Vinnie;Rhianna;COCONUT;SEASHELLS;10055.0;1
3468800;Rhianna;Vinnie;COCONUT;SEASHELLS;10055.0;1
3468900;Vinnie;Vinnie;COCONUT;SEASHELLS;10052.0;5
3471400;Vinnie;Vinnie;COCONUT;SEASHELLS;10051.0;9
3476200;Vinnie;Vinnie;COCONUT;SEASHELLS;10048.0;7
3477700;Vinnie;Vinnie;COCONUT;SEASHELLS;10038.0;7
3478100;Vinnie;Vinnie;COCONUT;SEASHELLS;10036.0;8
3478500;Vinnie;Vinnie;COCONUT;SEASHELLS;10035.0;8
3479200;Vinnie;Vinnie;COCONUT;SEASHELLS;10036.0;5
3480600;Vinnie;Vinnie;COCONUT;SEASHELLS;10040.0;5
3481500;Vinnie;Raj;COCONUT;SEASHELLS;10034.0;9
3482200;Vinnie;Vinnie;COCONUT;SEASHELLS;10033.0;10
3483500;Vinnie;Raj;COCONUT;SEASHELLS;10029.0;5
3486800;Vinnie;Raj;COCONUT;SEASHELLS;10031.0;7
3486900;Vinnie;Vinnie;COCONUT;SEASHELLS;10031.0;5
3488000;Rhianna;Vinnie;COCONUT;SEASHELLS;10031.0;2
3490200;Vinnie;Vinnie;COCONUT;SEASHELLS;10033.0;10
3493800;Vinnie;Vinnie;COCONUT;SEASHELLS;10041.0;7
3498800;Vinnie;Vinnie;COCONUT;SEASHELLS;10037.0;7
3499300;Vinnie;Rhianna;COCONUT;SEASHELLS;10039.0;2
3500400;Vinnie;Rhianna;COCONUT;SEASHELLS;10041.0;1
3501100;Vinnie;Rhianna;COCONUT;SEASHELLS;10042.0;1
3501400;Vinnie;Vinnie;COCONUT;SEASHELLS;10043.0;5
3502600;Vinnie;Vinnie;COCONUT;SEASHELLS;10042.0;8
3506000;Vinnie;Rhianna;COCONUT;SEASHELLS;10039.0;3
3506700;Vinnie;Vinnie;COCONUT;SEASHELLS;10035.0;6
3507100;Vinnie;Vinnie;COCONUT;SEASHELLS;10033.0;7
3508000;Vinnie;Rhianna;COCONUT;SEASHELLS;10036.0;1
3509300;Raj;Vinnie;COCONUT;SEASHELLS;10037.0;9
3510400;Rhianna;Vinnie;COCONUT;SEASHELLS;10032.0;3
3512500;Raj;Vinnie;COCONUT;SEASHELLS;10034.0;7
3514300;Rhianna;Vinnie;COCONUT;SEASHELLS;10046.0;2
3518200;Vinnie;Raj;COCONUT;SEASHELLS;10052.0;10
3519100;Vinnie;Vinnie;COCONUT;SEASHELLS;10054.0;6
3521300;Vinnie;Vinnie;COCONUT;SEASHELLS;10056.0;9
3525000;Vinnie;Vinnie;COCONUT;SEASHELLS;10054.0;8
3525700;Vinnie;Vinnie;COCONUT;SEASHELLS;10052.0;8
3526000;Vinnie;Vinnie;COCONUT;SEASHELLS;10055.0;8
3526600;Vinnie;Raj;COCONUT;SEASHELLS;10058.0;9
3527400;Vinnie;Vinnie;COCONUT;SEASHELLS;10058.0;5
3527700;Vinnie;Vinnie;COCONUT;SEASHELLS;10055.0;10
3527800;Vinnie;Vinnie;COCONUT;SEASHELLS;10054.0;5
3528900;Vinnie;Raj;COCONUT;SEASHELLS;10053.0;9
3531500;Vinnie;Vinnie;COCONUT;SEASHELLS;10059.0;10
3533600;Raj;Vinnie;COCONUT;SEASHELLS;10062.0;10
3534100;Vinnie;Vinnie;COCONUT;SEASHELLS;10064.0;7
3534300;Rhianna;Vinnie;COCONUT;SEASHELLS;10065.0;1
3536800;Vinnie;Vinnie;COCONUT;SEASHELLS;10066.0;5
3537500;Rhianna;Vinnie;COCONUT;SEASHELLS;10069.0;1
3540300;Vinnie;Vinnie;COCONUT;SEASHELLS;10072.0;8
3546300;Raj;Vinnie;COCONUT;SEASHELLS;10070.0;9
3549100;Rhianna;Vinnie;COCONUT;SEASHELLS;10074.0;2
3549700;Rhianna;Vinnie;COCONUT;SEASHELLS;10073.0;3
3551100;Rhianna;Vinnie;COCONUT;SEASHELLS;10078.0;1
3551400;Vinnie;Raj;COCONUT;SEASHELLS;10079.0;10
3551400;Rhianna;Vinnie;COCONUT;SEASHELLS;10080.0;2
3552500;Vinnie;Raj;COCONUT;SEASHELLS;10078.0;7
3553400;Vinnie;Vinnie;COCONUT;SEASHELLS;10074.0;5
3555300;Vinnie;Vinnie;COCONUT;SEASHELLS;10074.0;10
3556400;Vinnie;Vinnie;COCONUT;SEASHELLS;10077.0;10
3556900;Vinnie;Vinnie;COCONUT;SEASHELLS;10076.0;6
3558100;Vinnie;Vinnie;COCONUT;SEASHELLS;10072.0;6
3559600;Vinnie;Raj;COCONUT;SEASHELLS;10069.0;10
3562300;Vinnie;Vinnie;COCONUT;SEASHELLS;10067.0;9
3562500;Vinnie;Vinnie;COCONUT;SEASHELLS;10068.0;5
3563500;Vinnie;Vinnie;COCONUT;SEASHELLS;10067.0;6
3564300;Vinnie;Vinnie;COCONUT;SEASHELLS;10071.0;5
3571000;Vinnie;Vinnie;COCONUT;SEASHELLS;10060.0;7
3571200;Vinnie;Vinnie;COCONUT;SEASHELLS;10060.0;6
3572200;Raj;Vinnie;COCONUT;SEASHELLS;10060.0;6
3576100;Vinnie;Vinnie;COCONUT;SEASHELLS;10046.0;5
3577600;Vinnie;Vinnie;COCONUT;SEASHELLS;10045.0;7
3578200;Vinnie;Rhianna;COCONUT;SEASHELLS;10042.0;3
3578500;Vinnie;Vinnie;COCONUT;SEASHELLS;10048.0;8
3579100;Vinnie;Raj;COCONUT;SEASHELLS;10043.0;10
3579400;Vinnie;Vinnie;COCONUT;SEASHELLS;10044.0;8
3582800;Vinnie;Vinnie;COCONUT;SEASHELLS;10044.0;6
3583600;Vinnie;Rhianna;COCONUT;SEASHELLS;10043.0;2
3583600;Raj;Vinnie;COCONUT;SEASHELLS;10044.0;10
3584500;Vinnie;Vinnie;COCONUT;SEASHELLS;10043.0;6
3588300;Vinnie;Rhianna;COCONUT;SEASHELLS;10059.0;1
3592400;Vinnie;Vinnie;COCONUT;SEASHELLS;10051.0;5
3595800;Raj;Vinnie;COCONUT;SEASHELLS;10051.0;5
3601000;Vinnie;Raj;COCONUT;SEASHELLS;10048.0;8
3601600;Vinnie;Rhianna;COCONUT;SEASHELLS;10048.0;2
3601900;Rhianna;Vinnie;COCONUT;SEASHELLS;10048.0;3
3602000;Vinnie;Vinnie;COCONUT;SEASHELLS;10047.0;10
3603100;Vinnie;Rhianna;COCONUT;SEASHELLS;10051.0;2
3604200;Vinnie;Vinnie;COCONUT;SEASHELLS;10054.0;8
3605800;Raj;Vinnie;COCONUT;SEASHELLS;10059.0;9
3606000;Rhianna;Vinnie;COCONUT;SEASHELLS;10057.0;3
3606600;Vinnie;Vinnie;COCONUT;SEASHELLS;10057.0;7
3608000;Vinnie;Rhianna;COCONUT;SEASHELLS;10057.0;3
3610100;Vinnie;Rhianna;COCONUT;SEASHELLS;10061.0;2
3610200;Rhianna;Vinnie;COCONUT;SEASHELLS;10064.0;3
3610600;Vinnie;Raj;COCONUT;SEASHELLS;10061.0;10
3610600;Rhianna;Vinnie;COCONUT;SEASHELLS;10062.0;3
3617300;Vinnie;Vinnie;COCONUT;SEASHELLS;10036.0;7
3619700;Vinnie;Vinnie;COCONUT;SEASHELLS;10033.0;6
3623600;Vinnie;Raj;COCONUT;SEASHELLS;10035.0;5
3624900;Vinnie;Vinnie;COCONUT;SEASHELLS;10036.0;9
3625100;Vinnie;Vinnie;COCONUT;SEASHELLS;10036.0;9
3625300;Vinnie;Vinnie;COCONUT;SEASHELLS;10035.0;5
3625500;Vinnie;Vinnie;COCONUT;SEASHELLS;10036.0;9
3626500;Raj;Vinnie;COCONUT;SEASHELLS;10034.0;5
3628100;Vinnie;Vinnie;COCONUT;SEASHELLS;10033.0;9
3629000;Vinnie;Vinnie;COCONUT;SEASHELLS;10031.0;6
3629700;Vinnie;Vinnie;COCONUT;SEASHELLS;10033.0;8
3633100;Vinnie;Vinnie;COCONUT;SEASHELLS;10033.0;6
3633200;Vinnie;Vinnie;COCONUT;SEASHELLS;10033.0;5
3633600;Rhianna;Vinnie;COCONUT;SEASHELLS;10036.0;3
3635400;Raj;Vinnie;COCONUT;SEASHELLS;10028.0;9
3636300;Vinnie;Vinnie;COCONUT;SEASHELLS;10028.0;10
3636600;Vinnie;Vinnie;COCONUT;SEASHELLS;10027.0;7
3636900;Vinnie;Raj;COCONUT;SEASHELLS;10026.0;8
3637600;Vinnie;Vinnie;COCONUT;SEASHELLS;10028.0;6
3638800;Vinnie;Vinnie;COCONUT;SEASHELLS;10034.0;5
3641500;Vinnie;Vinnie;COCONUT;SEASHELLS;10037.0;7
3641800;Vinnie;Vinnie;COCONUT;SEASHELLS;10038.0;9
3641900;Vinnie;Vinnie;COCONUT;SEASHELLS;10039.0;9
3643500;Vinnie;Vinnie;COCONUT;SEASHELLS;10038.0;6
3644200;Vinnie;Vinnie;COCONUT;SEASHELLS;10037.0;6
3646600;Vinnie;Vinnie;COCONUT;SEASHELLS;10032.0;9
3646600;Raj;Vinnie;COCONUT;SEASHELLS;10034.0;10
3647600;Vinnie;Raj;COCONUT;SEASHELLS;10037.0;10
3647600;Vinnie;Rhianna;COCONUT;SEASHELLS;10037.0;2
3648800;Raj;Vinnie;COCONUT;SEASHELLS;10042.0;9
3649300;Rhianna;Vinnie;COCONUT;SEASHELLS;10042.0;1
3651800;Vinnie;Rhianna;COCONUT;SEASHELLS;10049.0;3
3661300;Vinnie;Vinnie;COCONUT;SEASHELLS;10043.0;9
3661700;Vinnie;Raj;COCONUT;SEASHELLS;10039.0;9
3662000;Vinnie;Raj;COCONUT;SEASHELLS;10041.0;9
3663200;Vinnie;Vinnie;COCONUT;SEASHELLS;10043.0;6
3664400;Vinnie;Vinnie;COCONUT;SEASHELLS;10040.0;10
3666600;Vinnie;Rhianna;COCONUT;SEASHELLS;10041.0;1
3667000;Rhianna;Vinnie;COCONUT;SEASHELLS;10047.0;1
3670000;Vinnie;Vinnie;COCONUT;SEASHELLS;10045.0;10
3670100;Vinnie;Vinnie;COCONUT;SEASHELLS;10045.0;7
3671600;Vinnie;Raj;COCONUT;SEASHELLS;10050.0;7
3671800;Vinnie;Raj;COCONUT;SEASHELLS;10050.0;6
3676200;Vinnie;Vinnie;COCONUT;SEASHELLS;10053.0;5
3676800;Vinnie;Vinnie;COCONUT;SEASHELLS;10051.0;9
3677400;Vinnie;Vinnie;COCONUT;SEASHELLS;10047.0;8
3677800;Rhianna;Vinnie;COCONUT;SEASHELLS;10049.0;2
3679900;Vinnie;Rhianna;COCONUT;SEASHELLS;10046.0;1
3681100;Raj;Vinnie;COCONUT;SEASHELLS;10050.0;9
3682200;Vinnie;Vinnie;COCONUT;SEASHELLS;10046.0;9
3686100;Vinnie;Rhianna;COCONUT;SEASHELLS;10059.0;2
3686800;Vinnie;Rhianna;COCONUT;SEASHELLS;10056.0;1
3688900;Vinnie;Vinnie;COCONUT;SEASHELLS;10056.0;5
3689200;Raj;Vinnie;COCONUT;SEASHELLS;10057.0;7
3691700;Vinnie;Vinnie;COCONUT;SEASHELLS;10057.0;9
3692700;Vinnie;Vinnie;COCONUT;SEASHELLS;10062.0;6
3695400;Vinnie;Vinnie;COCONUT;SEASHELLS;10070.0;8
3695700;Vinnie;Vinnie;COCONUT;SEASHELLS;10070.0;8
3696600;Vinnie;Vinnie;COCONUT;SEASHELLS;10065.0;9
3696900;Raj;Vinnie;COCONUT;SEASHELLS;10067.0;10
3697500;Vinnie;Vinnie;COCONUT;SEASHELLS;10068.0;9
3699000;Vinnie;Vinnie;COCONUT;SEASHELLS;10063.0;5
3699400;Raj;Vinnie;COCONUT;SEASHELLS;10069.0;7
3702700;Vinnie;Rhianna;COCONUT;SEASHELLS;10071.0;2
3703600;Vinnie;Vinnie;COCONUT;SEASHELLS;10072.0;10
3704700;Vinnie;Vinnie;COCONUT;SEASHELLS;10072.0;8
3704900;Vinnie;Vinnie;COCONUT;SEASHELLS;10073.0;9
3705400;Vinnie;Vinnie;COCONUT;SEASHELLS;10074.0;9
3710900;Vinnie;Vinnie;COCONUT;SEASHELLS;10079.0;10
3711400;Vinnie;Vinnie;COCONUT;SEASHELLS;10078.0;10
3712400;Vinnie;Raj;COCONUT;SEASHELLS;10075.0;7
3713000;Vinnie;Vinnie;COCONUT;SEASHELLS;10074.0;6
3714000;Vinnie;Raj;COCONUT;SEASHELLS;10077.0;9
3715800;Raj;Vinnie;COCONUT;SEASHELLS;10079.0;7
3717300;Vinnie;Vinnie;COCONUT;SEASHELLS;10076.0;5
3719800;Rhianna;Vinnie;COCONUT;SEASHELLS;10073.0;2
3721100;Rhianna;Vinnie;COCONUT;SEASHELLS;10070.0;1
3721500;Vinnie;Vinnie;COCONUT;SEASHELLS;10071.0;7
3721500;Raj;Vinnie;COCONUT;SEASHELLS;10072.0;7
3721700;Vinnie;Vinnie;COCONUT;SEASHELLS;10071.0;10
3722700;Vinnie;Vinnie;COCONUT;SEASHELLS;10071.0;7
3722900;Vinnie;Vinnie;COCONUT;SEASHELLS;10070.0;10
3723200;Rhianna;Vinnie;COCONUT;SEASHELLS;10071.0;2
3724700;Vinnie;Vinnie;COCONUT;SEASHELLS;10072.0;8
3725400;Vinnie;Rhianna;COCONUT;SEASHELLS;10070.0;3
3726200;Vinnie;Vinnie;COCONUT;SEASHELLS;10065.0;10
3729600;Vinnie;Rhianna;COCONUT;SEASHELLS;10067.0;1
3731600;Vinnie;Vinnie;COCONUT;SEASHELLS;10070.0;7
3732400;Vinnie;Vinnie;COCONUT;SEASHELLS;10071.0;8
3733800;Vinnie;Vinnie;COCONUT;SEASHELLS;10074.0;5
3735900;Raj;Vinnie;COCONUT;SEASHELLS;10079.0;10
3739800;Vinnie;Rhianna;COCONUT;SEASHELLS;10075.0;3
3741200;Rhianna;Vinnie;COCONUT;SEASHELLS;10075.0;1
3743200;Vinnie;Vinnie;COCONUT;SEASHELLS;10084.0;6
3743600;Vinnie;Vinnie;COCONUT;SEASHELLS;10085.0;5
3744200;Vinnie;Raj;COCONUT;SEASHELLS;10087.0;5
3747400;Vinnie;Vinnie;COCONUT;SEASHELLS;10085.0;5
3747800;Raj;Vinnie;COCONUT;SEASHELLS;10086.0;10
3747900;Vinnie;Raj;COCONUT;SEASHELLS;10084.0;10
3749200;Vinnie;Rhianna;COCONUT;SEASHELLS;10084.0;1
3749600;Vinnie;Vinnie;COCONUT;SEASHELLS;10085.0;8
3751500;Vinnie;Rhianna;COCONUT;SEASHELLS;10086.0;3
3753900;Vinnie;Raj;COCONUT;SEASHELLS;10084.0;7
3754100;Raj;Vinnie;COCONUT;SEASHELLS;10087.0;6
3754200;Vinnie;Vinnie;COCONUT;SEASHELLS;10086.0;8
3755400;Raj;Vinnie;COCONUT;SEASHELLS;10086.0;5
3755500;Vinnie;Vinnie;COCONUT;SEASHELLS;10084.0;10
3757200;Vinnie;Rhianna;COCONUT;SEASHELLS;10083.0;3
3758600;Vinnie;Vinnie;COCONUT;SEASHELLS;10078.0;5
3760800;Vinnie;Vinnie;COCONUT;SEASHELLS;10080.0;5
3762100;Vinnie;Vinnie;COCONUT;SEASHELLS;10081.0;9
3766700;Vinnie;Rhianna;COCONUT;SEASHELLS;10088.0;2
3768000;Raj;Vinnie;COCONUT;SEASHELLS;10089.0;9
3768100;Vinnie;Rhianna;COCONUT;SEASHELLS;10088.0;3
3769800;Raj;Vinnie;COCONUT;SEASHELLS;10088.0;10
3773700;Vinnie;Vinnie;COCONUT;SEASHELLS;10087.0;5
3774000;Raj;Vinnie;COCONUT;SEASHELLS;10089.0;7
3775200;Vinnie;Vinnie;COCONUT;SEASHELLS;10092.0;8
3775200;Raj;Vinnie;COCONUT;SEASHELLS;10093.0;8
3777400;Vinnie;Vinnie;COCONUT;SEASHELLS;10087.0;5
3778000;Vinnie;Raj;COCONUT;SEASHELLS;10087.0;6
3779500;Vinnie;Vinnie;COCONUT;SEASHELLS;10092.0;10
3783200;Vinnie;Vinnie;COCONUT;SEASHELLS;10088.0;9
3783800;Vinnie;Vinnie;COCONUT;SEASHELLS;10089.0;5
3786600;Vinnie;Vinnie;COCONUT;SEASHELLS;10084.0;10
3787800;Raj;Vinnie;COCONUT;SEASHELLS;10088.0;10
3789400;Rhianna;Vinnie;COCONUT;SEASHELLS;10087.0;3
3789700;Vinnie;Vinnie;COCONUT;SEASHELLS;10086.0;9
3789800;Vinnie;Vinnie;COCONUT;SEASHELLS;10087.0;7
3789900;Rhianna;Vinnie;COCONUT;SEASHELLS;10089.0;3
3794300;Raj;Vinnie;COCONUT;SEASHELLS;10080.0;7
3795300;Vinnie;Vinnie;COCONUT;SEASHELLS;10077.0;6
3795400;Vinnie;Vinnie;COCONUT;SEASHELLS;10077.0;7
3799400;Vinnie;Raj;COCONUT;SEASHELLS;10085.0;9
3800300;Vinnie;Vinnie;COCONUT;SEASHELLS;10089.0;5
3805400;Vinnie;Vinnie;COCONUT;SEASHELLS;10092.0;10
3806600;Vinnie;Vinnie;COCONUT;SEASHELLS;10096.0;8
3809900;Vinnie;Raj;COCONUT;SEASHELLS;10099.0;9
3811300;Vinnie;Vinnie;COCONUT;SEASHELLS;10097.0;8
3811500;Vinnie;Raj;COCONUT;SEASHELLS;10097.0;6
3814500;Raj;Vinnie;COCONUT;SEASHELLS;10101.0;5
3814900;Vinnie;Vinnie;COCONUT;SEASHELLS;10098.0;5
3815800;Vinnie;Vinnie;COCONUT;SEASHELLS;10100.0;7
3816300;Vinnie;Vinnie;COCONUT;SEASHELLS;10103.0;5
3817100;Vinnie;Raj;COCONUT;SEASHELLS;10109.0;7
3822000;Rhianna;Vinnie;COCONUT;SEASHELLS;10106.0;1
3824300;Vinnie;Vinnie;COCONUT;SEASHELLS;10107.0;8
3826100;Vinnie;Rhianna;COCONUT;SEASHELLS;10106.0;2
3829400;Vinnie;Vinnie;COCONUT;SEASHELLS;10106.0;5
3830700;Raj;Vinnie;COCONUT;SEASHELLS;10108.0;9
3835500;Vinnie;Raj;COCONUT;SEASHELLS;10116.0;9
3835600;Raj;Vinnie;COCONUT;SEASHELLS;10117.0;6
3836100;Vinnie;Vinnie;COCONUT;SEASHELLS;10116.0;10
3836700;Rhianna;Vinnie;COCONUT;SEASHELLS;10112.0;2
3837900;Vinnie;Vinnie;COCONUT;SEASHELLS;10108.0;6
3838700;Rhianna;Vinnie;COCONUT;SEASHELLS;10117.0;3
3841300;Vinnie;Vinnie;COCONUT;SEASHELLS;10115.0;5
3844200;Vinnie;Rhianna;COCONUT;SEASHELLS;10106.0;2
3844700;Raj;Vinnie;COCONUT;SEASHELLS;10112.0;8
3846000;Vinnie;Raj;COCONUT;SEASHELLS;10113.0;9
3850000;Vinnie;Vinnie;COCONUT;SEASHELLS;10116.0;7
3855500;Vinnie;Vinnie;COCONUT;SEASHELLS;10105.0;6
3857000;Vinnie;Raj;COCONUT;SEASHELLS;10106.0;7
3857600;Raj;Vinnie;COCONUT;SEASHELLS;10110.0;7
3860100;Vinnie;Rhianna;COCONUT;SEASHELLS;10104.0;3
3861700;Vinnie;Rhianna;COCONUT;SEASHELLS;10096.0;3
3861900;Vinnie;Raj;COCONUT;SEASHELLS;10098.0;10
3863000;Vinnie;Vinnie;COCONUT;SEASHELLS;10096.0;6
3863600;Vinnie;Vinnie;COCONUT;SEASHELLS;10097.0;5
3866400;Vinnie;Vinnie;COCONUT;SEASHELLS;10103.0;9
3866500;Vinnie;Vinnie;COCONUT;SEASHELLS;10103.0;6
3870900;Raj;Vinnie;COCONUT;SEASHELLS;10113.0;5
3871500;Vinnie;Vinnie;COCONUT;SEASHELLS;10111.0;5
3873100;Vinnie;Vinnie;COCONUT;SEASHELLS;10113.0;8
3874500;Vinnie;Vinnie;COCONUT;SEASHELLS;10110.0;8
3874700;Vinnie;Rhianna;COCONUT;SEASHELLS;10110.0;3
3875700;Vinnie;Vinnie;COCONUT;SEASHELLS;10114.0;10
3877800;Vinnie;Raj;COCONUT;SEASHELLS;10110.0;8
3879200;Vinnie;Vinnie;COCONUT;SEASHELLS;10115.0;10
3880400;Vinnie;Vinnie;COCONUT;SEASHELLS;10114.0;10
3881400;Vinnie;Vinnie;COCONUT;SEASHELLS;10113.0;5
3881600;Vinnie;Vinnie;COCONUT;SEASHELLS;10114.0;10
3881800;Vinnie;Vinnie;COCONUT;SEASHELLS;10114.0;7
3885100;Vinnie;Vinnie;COCONUT;SEASHELLS;10112.0;6
3885700;Vinnie;Vinnie;COCONUT;SEASHELLS;10112.0;7
3885800;Vinnie;Vinnie;COCONUT;SEASHELLS;10113.0;5
3886200;Vinnie;Vinnie;COCONUT;SEASHELLS;10109.0;5
3887300;Vinnie;Raj;COCONUT;SEASHELLS;10115.0;6
3888400;Rhianna;Vinnie;COCONUT;SEASHELLS;10113.0;1
3890500;Vinnie;Vinnie;COCONUT;SEASHELLS;10111.0;8
3890500;Vinnie;Raj;COCONUT;SEASHELLS;10111.0;7
3890600;Vinnie;Raj;COCONUT;SEASHELLS;10112.0;5
3891100;Vinnie;Rhianna;COCONUT;SEASHELLS;10113.0;3
3892700;Vinnie;Vinnie;COCONUT;SEASHELLS;10120.0;6
3893400;Vinnie;Raj;COCONUT;SEASHELLS;10117.0;10
3895400;Vinnie;Vinnie;COCONUT;SEASHELLS;10111.0;9
3896500;Vinnie;Vinnie;COCONUT;SEASHELLS;10117.0;8
3897000;Vinnie;Vinnie;COCONUT;SEASHELLS;10115.0;6
3898900;Vinnie;Rhianna;COCONUT;SEASHELLS;10107.0;1
3901100;Vinnie;Vinnie;COCONUT;SEASHELLS;10101.0;10
3901500;Rhianna;Vinnie;COCONUT;SEASHELLS;10105.0;3
3902900;Vinnie;Vinnie;COCONUT;SEASHELLS;10105.0;10
3904400;Vinnie;Vinnie;COCONUT;SEASHELLS;10107.0;9
3904900;Vinnie;Vinnie;COCONUT;SEASHELLS;10104.0;9
3905000;Vinnie;Vinnie;COCONUT;SEASHELLS;10105.0;10
3905200;Raj;Vinnie;COCONUT;SEASHELLS;10108.0;7
3907800;Raj;Vinnie;COCONUT;SEASHELLS;10098.0;9
3912200;Vinnie;Vinnie;COCONUT;SEASHELLS;10109.0;9
3913400;Vinnie;Raj;COCONUT;SEASHELLS;10110.0;9
3914200;Vinnie;Vinnie;COCONUT;SEASHELLS;10108.0;7
3914600;Vinnie;Vinnie;COCONUT;SEASHELLS;10106.0;10
3916500;Vinnie;Rhianna;COCONUT;SEASHELLS;10108.0;1
3920000;Vinnie;Vinnie;COCONUT;SEASHELLS;10109.0;5
3922700;Vinnie;Rhianna;COCONUT;SEASHELLS;10104.0;3
3931700;Vinnie;Raj;COCONUT;SEASHELLS;10105.0;6
3932300;Vinnie;Vinnie;COCONUT;SEASHELLS;10105.0;6
3934100;Rhianna;Vinnie;COCONUT;SEASHELLS;10107.0;2
3939700;Vinnie;Vinnie;COCONUT;SEASHELLS;10111.0;6
3939700;Raj;Vinnie;COCONUT;SEASHELLS;10112.0;5
3942600;Vinnie;Vinnie;COCONUT;SEASHELLS;10107.0;5
3943100;Vinnie;Vinnie;COCONUT;SEASHELLS;10109.0;6
3943800;Rhianna;Vinnie;COCONUT;SEASHELLS;10112.0;1
3944100;Vinnie;Vinnie;COCONUT;SEASHELLS;10107.0;6
3944300;Vinnie;Vinnie;COCONUT;SEASHELLS;10107.0;6
3948200;Vinnie;Vinnie;COCONUT;SEASHELLS;10104.0;10
3949900;Vinnie;Vinnie;COCONUT;SEASHELLS;10112.0;9
3950400;Vinnie;Raj;COCONUT;SEASHELLS;10108.0;8
3950600;Raj;Vinnie;COCONUT;SEASHELLS;10110.0;6
3950800;Vinnie;Raj;COCONUT;SEASHELLS;10107.0;6
3951300;Vinnie;Raj;COCONUT;SEASHELLS;10104.0;8
3953700;Vinnie;Vinnie;COCONUT;SEASHELLS;10112.0;5
3955400;Vinnie;Raj;COCONUT;SEASHELLS;10108.0;6
3956300;Rhianna;Vinnie;COCONUT;SEASHELLS;10111.0;1
3958600;Vinnie;Vinnie;COCONUT;SEASHELLS;10113.0;8
3959000;Vinnie;Vinnie;COCONUT;SEASHELLS;10113.0;7
3959400;Raj;Vinnie;COCONUT;SEASHELLS;10114.0;5
3966800;Vinnie;Vinnie;COCONUT;SEASHELLS;10118.0;7
3974900;Vinnie;Vinnie;COCONUT;SEASHELLS;10132.0;8
3978600;Vinnie;Raj;COCONUT;SEASHELLS;10129.0;10
3978800;Vinnie;Vinnie;COCONUT;SEASHELLS;10128.0;6
3979100;Vinnie;Vinnie;COCONUT;SEASHELLS;10127.0;10
3979600;Vinnie;Raj;COCONUT;SEASHELLS;10132.0;5
3979900;Vinnie;Raj;COCONUT;SEASHELLS;10134.0;10
3982300;Vinnie;Vinnie;COCONUT;SEASHELLS;10134.0;5
3982600;Vinnie;Vinnie;COCONUT;SEASHELLS;10137.0;5
3983800;Vinnie;Vinnie;COCONUT;SEASHELLS;10133.0;6
3986700;Raj;Vinnie;COCONUT;SEASHELLS;10126.0;9
3987200;Vinnie;Vinnie;COCONUT;SEASHELLS;10125.0;5
3989100;Vinnie;Rhianna;COCONUT;SEASHELLS;10123.0;3
3992300;Vinnie;Vinnie;COCONUT;SEASHELLS;10126.0;5
3992900;Vinnie;Vinnie;COCONUT;SEASHELLS;10120.0;6
3996600;Vinnie;Vinnie;COCONUT;SEASHELLS;10127.0;9
3996600;Raj;Vinnie;COCONUT;SEASHELLS;10128.0;9
3997100;Vinnie;Vinnie;COCONUT;SEASHELLS;10126.0;6
3999500;Vinnie;Vinnie;COCONUT;SEASHELLS;10135.0;8
4003900;Vinnie;Raj;COCONUT;SEASHELLS;10120.0;10
4005400;Vinnie;Vinnie;COCONUT;SEASHELLS;10120.0;7
4009200;Rhianna;Vinnie;COCONUT;SEASHELLS;10113.0;1
4009300;Raj;Vinnie;COCONUT;SEASHELLS;10112.0;10
4009800;Vinnie;Raj;COCONUT;SEASHELLS;10108.0;8
4010400;Vinnie;Raj;COCONUT;SEASHELLS;10106.0;10
4010600;Raj;Vinnie;COCONUT;SEASHELLS;10105.0;10
4011200;Vinnie;Vinnie;COCONUT;SEASHELLS;10101.0;8
4011700;Vinnie;Vinnie;COCONUT;SEASHELLS;10103.0;7
4013400;Raj;Vinnie;COCONUT;SEASHELLS;10100.0;10
4015000;Vinnie;Vinnie;COCONUT;SEASHELLS;10104.0;6
4020300;Vinnie;Rhianna;COCONUT;SEASHELLS;10109.0;2
4023600;Vinnie;Vinnie;COCONUT;SEASHELLS;10110.0;6
4028000;Vinnie;Vinnie;COCONUT;SEASHELLS;10120.0;7
4029300;Vinnie;Vinnie;COCONUT;SEASHELLS;10120.0;5
4029900;Vinnie;Vinnie;COCONUT;SEASHELLS;10116.0;8
4030200;Vinnie;Vinnie;COCONUT;SEASHELLS;10116.0;8
4032800;Vinnie;Vinnie;COCONUT;SEASHELLS;10107.0;8
4036000;Raj;Vinnie;COCONUT;SEASHELLS;10109.0;9
4039700;Vinnie;Rhianna;COCONUT;SEASHELLS;10110.0;2
4041600;Vinnie;Raj;COCONUT;SEASHELLS;10103.0;7
4042200;Raj;Vinnie;COCONUT;SEASHELLS;10111.0;8
4043400;Vinnie;Vinnie;COCONUT;SEASHELLS;10111.0;8
4043500;Vinnie;Vinnie;COCONUT;SEASHELLS;10111.0;7
4044800;Rhianna;Vinnie;COCONUT;SEASHELLS;10114.0;3
4047500;Raj;Vinnie;COCONUT;SEASHELLS;10109.0;10
4048300;Vinnie;Vinnie;COCONUT;SEASHELLS;10105.0;8
4048500;Rhianna;Vinnie;COCONUT;SEASHELLS;10109.0;1
4048800;Vinnie;Vinnie;COCONUT;SEASHELLS;10107.0;7
4049300;Vinnie;Vinnie;COCONUT;SEASHELLS;10108.0;5
4049600;Vinnie;Vinnie;COCONUT;SEASHELLS;10108.0;7
4050000;Vinnie;Rhianna;COCONUT;SEASHELLS;10108.0;3
4050300;Vinnie;Raj;COCONUT;SEASHELLS;10108.0;7
4050800;Vinnie;Vinnie;COCONUT;SEASHELLS;10110.0;8
4054400;Raj;Vinnie;COCONUT;SEASHELLS;10111.0;5
4055800;Vinnie;Vinnie;COCONUT;SEASHELLS;10110.0;8
4059200;Vinnie;Vinnie;COCONUT;SEASHELLS;10111.0;5
4059500;Vinnie;Vinnie;COCONUT;SEASHELLS;10109.0;6
4061000;Raj;Vinnie;COCONUT;SEASHELLS;10107.0;6
4063900;Vinnie;Vinnie;COCONUT;SEASHELLS;10108.0;8
4064700;Vinnie;Vinnie;COCONUT;SEASHELLS;10110.0;6
4065700;Vinnie;Vinnie;COCONUT;SEASHELLS;10113.0;10
4067400;Vinnie;Vinnie;COCONUT;SEASHELLS;10116.0;10
4067500;Vinnie;Vinnie;COCONUT;SEASHELLS;10117.0;9
4067600;Vinnie;Vinnie;COCONUT;SEASHELLS;10115.0;7
4072400;Vinnie;Vinnie;COCONUT;SEASHELLS;10115.0;5
4074400;Vinnie;Raj;COCONUT;SEASHELLS;10114.0;10
4075500;Vinnie;Vinnie;COCONUT;SEASHELLS;10115.0;5
4079400;Raj;Vinnie;COCONUT;SEASHELLS;10122.0;7
4079800;Vinnie;Rhianna;COCONUT;SEASHELLS;10120.0;1
4082300;Vinnie;Rhianna;COCONUT;SEASHELLS;10123.0;3
4082600;Vinnie;Vinnie;COCONUT;SEASHELLS;10123.0;6
4085900;Vinnie;Vinnie;COCONUT;SEASHELLS;10129.0;9
4086300;Vinnie;Vinnie;COCONUT;SEASHELLS;10129.0;10
4087000;Vinnie;Vinnie;COCONUT;SEASHELLS;10131.0;9
4089600;Vinnie;Vinnie;COCONUT;SEASHELLS;10141.0;6
4090400;Vinnie;Raj;COCONUT;SEASHELLS;10140.0;6
4090800;Vinnie;Vinnie;COCONUT;SEASHELLS;10141.0;9
4091700;Vinnie;Rhianna;COCONUT;SEASHELLS;10140.0;2
4092600;Vinnie;Vinnie;COCONUT;SEASHELLS;10135.0;9
4092900;Vinnie;Vinnie;COCONUT;SEASHELLS;10135.0;7
4092900;Vinnie;Rhianna;COCONUT;SEASHELLS;10135.0;3
4098000;Vinnie;Rhianna;COCONUT;SEASHELLS;10124.0;1
4098200;Vinnie;Vinnie;COCONUT;SEASHELLS;10126.0;5
4099200;Vinnie;Vinnie;COCONUT;SEASHELLS;10129.0;7
4099900;Vinnie;Rhianna;COCONUT;SEASHELLS;10130.0;2
4101200;Vinnie;Raj;COCONUT;SEASHELLS;10128.0;9
4102100;Vinnie;Vinnie;COCONUT;SEASHELLS;10127.0;6
4106300;Vinnie;Vinnie;COCONUT;SEASHELLS;10121.0;9
4110400;Vinnie;Raj;COCONUT;SEASHELLS;10128.0;9
4110500;Rhianna;Vinnie;COCONUT;SEASHELLS;10129.0;3
4111500;Vinnie;Rhianna;COCONUT;SEASHELLS;10130.0;2
4114300;Rhianna;Vinnie;COCONUT;SEASHELLS;10133.0;2
4114600;Raj;Vinnie;COCONUT;SEASHELLS;10134.0;8
4115700;Vinnie;Raj;COCONUT;SEASHELLS;10128.0;6
4116400;Rhianna;Vinnie;COCONUT;SEASHELLS;10128.0;2
4117800;Vinnie;Vinnie;COCONUT;SEASHELLS;10126.0;5
4120200;Vinnie;Vinnie;COCONUT;SEASHELLS;10134.0;7
4123000;Vinnie;Vinnie;COCONUT;SEASHELLS;10138.0;6
4123500;Vinnie;Vinnie;COCONUT;SEASHELLS;10140.0;8
4127900;Vinnie;Vinnie;COCONUT;SEASHELLS;10130.0;7
4130400;Raj;Vinnie;COCONUT;SEASHELLS;10131.0;9
4132600;Vinnie;Vinnie;COCONUT;SEASHELLS;10134.0;5
4132700;Raj;Vinnie;COCONUT;SEASHELLS;10136.0;10
4133700;Vinnie;Vinnie;COCONUT;SEASHELLS;10136.0;8
4135400;Vinnie;Raj;COCONUT;SEASHELLS;10132.0;7
4136700;Vinnie;Rhianna;COCONUT;SEASHELLS;10129.0;2
4137300;Vinnie;Rhianna;COCONUT;SEASHELLS;10130.0;1
4139100;Vinnie;Vinnie;COCONUT;SEASHELLS;10129.0;6
4143100;Rhianna;Vinnie;COCONUT;SEASHELLS;10122.0;2
4143200;Vinnie;Vinnie;COCONUT;SEASHELLS;10121.0;7
4143700;Vinnie;Vinnie;COCONUT;SEASHELLS;10115.0;5
4143800;Vinnie;Vinnie;COCONUT;SEASHELLS;10115.0;8
4146600;Vinnie;Vinnie;COCONUT;SEASHELLS;10118.0;6
4146700;Rhianna;Vinnie;COCONUT;SEASHELLS;10118.0;3
4146900;Vinnie;Rhianna;COCONUT;SEASHELLS;10116.0;2
4148400;Vinnie;Vinnie;COCONUT;SEASHELLS;10117.0;10
4148900;Raj;Vinnie;COCONUT;SEASHELLS;10115.0;9
4149600;Rhianna;Vinnie;COCONUT;SEASHELLS;10111.0;1
4149600;Vinnie;Vinnie;COCONUT;SEASHELLS;10110.0;10
4150700;Vinnie;Vinnie;COCONUT;SEASHELLS;10108.0;10
4151000;Vinnie;Vinnie;COCONUT;SEASHELLS;10108.0;7
4152300;Rhianna;Vinnie;COCONUT;SEASHELLS;10115.0;3
4153400;Vinnie;Vinnie;COCONUT;SEASHELLS;10114.0;10
4154700;Vinnie;Vinnie;COCONUT;SEASHELLS;10114.0;6
4158000;Rhianna;Vinnie;COCONUT;SEASHELLS;10119.0;2
4160100;Vinnie;Vinnie;COCONUT;SEASHELLS;10115.0;7
4162900;Vinnie;Vinnie;COCONUT;SEASHELLS;10119.0;9
4164500;Vinnie;Raj;COCONUT;SEASHELLS;10123.0;10
4165700;Rhianna;Vinnie;COCONUT;SEASHELLS;10118.0;3
4166600;Raj;Vinnie;COCONUT;SEASHELLS;10116.0;5
4168300;Vinnie;Vinnie;COCONUT;SEASHELLS;10116.0;9
4169000;Vinnie;Rhianna;COCONUT;SEASHELLS;10118.0;1
4176200;Vinnie;Vinnie;COCONUT;SEASHELLS;10117.0;7
4179400;Vinnie;Vinnie;COCONUT;SEASHELLS;10115.0;10
4182500;Vinnie;Vinnie;COCONUT;SEASHELLS;10108.0;10
4183200;Vinnie;Rhianna;COCONUT;SEASHELLS;10108.0;2
4184000;Vinnie;Vinnie;COCONUT;SEASHELLS;10106.0;5
4184800;Vinnie;Vinnie;COCONUT;SEASHELLS;10107.0;7
4184900;Vinnie;Vinnie;COCONUT;SEASHELLS;10105.0;7
4185900;Vinnie;Raj;COCONUT;SEASHELLS;10104.0;10
4187800;Vinnie;Vinnie;COCONUT;SEASHELLS;10107.0;5
4188800;Vinnie;Rhianna;COCONUT;SEASHELLS;10107.0;3
4188900;Vinnie;Vinnie;COCONUT;SEASHELLS;10106.0;10
4189500;Vinnie;Vinnie;COCONUT;SEASHELLS;10104.0;5
4193900;Vinnie;Vinnie;COCONUT;SEASHELLS;10097.0;10
4194400;Vinnie;Vinnie;COCONUT;SEASHELLS;10100.0;5
4194600;Raj;Vinnie;COCONUT;SEASHELLS;10100.0;8
4197500;Vinnie;Vinnie;COCONUT;SEASHELLS;10093.0;9
4200700;Vinnie;Raj;COCONUT;SEASHELLS;10093.0;10
4200700;Vinnie;Vinnie;COCONUT;SEASHELLS;10093.0;5
4200900;Vinnie;Vinnie;COCONUT;SEASHELLS;10094.0;6
4201100;Raj;Vinnie;COCONUT;SEASHELLS;10095.0;8
4202100;Vinnie;Rhianna;COCONUT;SEASHELLS;10095.0;1
4204100;Vinnie;Vinnie;COCONUT;SEASHELLS;10098.0;6
4205700;Vinnie;Vinnie;COCONUT;SEASHELLS;10097.0;7
4205800;Vinnie;Vinnie;COCONUT;SEASHELLS;10096.0;8
4209500;Vinnie;Vinnie;COCONUT;SEASHELLS;10099.0;10
4209600;Vinnie;Vinnie;COCONUT;SEASHELLS;10099.0;9
4209700;Vinnie;Vinnie;COCONUT;SEASHELLS;10096.0;10
4210300;Rhianna;Vinnie;COCONUT;SEASHELLS;10102.0;2
4211300;Vinnie;Raj;COCONUT;SEASHELLS;10103.0;10
4213400;Vinnie;Vinnie;COCONUT;SEASHELLS;10101.0;6
4215100;Rhianna;Vinnie;COCONUT;SEASHELLS;10107.0;1
4215900;Vinnie;Vinnie;COCONUT;SEASHELLS;10103.0;9
4217700;Rhianna;Vinnie;COCONUT;SEASHELLS;10102.0;3
4219300;Vinnie;Vinnie;COCONUT;SEASHELLS;10094.0;8
4221600;Vinnie;Vinnie;COCONUT;SEASHELLS;10101.0;8
4222300;Vinnie;Vinnie;COCONUT;SEASHELLS;10103.0;7
4226800;Vinnie;Vinnie;COCONUT;SEASHELLS;10099.0;10
4228100;Vinnie;Vinnie;COCONUT;SEASHELLS;10094.0;10
4228200;Vinnie;Vinnie;COCONUT;SEASHELLS;10095.0;9
4232000;Vinnie;Vinnie;COCONUT;SEASHELLS;10099.0;7
4232900;Vinnie;Raj;COCONUT;SEASHELLS;10102.0;9
4233900;Vinnie;Raj;COCONUT;SEASHELLS;10101.0;8
4234800;Raj;Vinnie;COCONUT;SEASHELLS;10104.0;8
4237600;Vinnie;Raj;COCONUT;SEASHELLS;10105.0;6
4240000;Vinnie;Rhianna;COCONUT;SEASHELLS;10095.0;2
4241800;Vinnie;Vinnie;COCONUT;SEASHELLS;10094.0;9
4242300;Vinnie;Raj;COCONUT;SEASHELLS;10094.0;7
4244200;Raj;Vinnie;COCONUT;SEASHELLS;10096.0;5
4246400;Vinnie;Vinnie;COCONUT;SEASHELLS;10087.0;10
4246800;Vinnie;Vinnie;COCONUT;SEASHELLS;10092.0;9
4247000;Vinnie;Vinnie;COCONUT;SEASHELLS;10092.0;9
4249200;Raj;Vinnie;COCONUT;SEASHELLS;10093.0;5
4249300;Vinnie;Vinnie;COCONUT;SEASHELLS;10092.0;10
4252000;Vinnie;Vinnie;COCONUT;SEASHELLS;10084.0;5
4252600;Vinnie;Raj;COCONUT;SEASHELLS;10080.0;9
4253100;Vinnie;Vinnie;COCONUT;SEASHELLS;10079.0;7
4256000;Rhianna;Vinnie;COCONUT;SEASHELLS;10081.0;1
4257000;Vinnie;Rhianna;COCONUT;SEASHELLS;10077.0;3
4257500;Vinnie;Raj;COCONUT;SEASHELLS;10081.0;8
4258000;Vinnie;Vinnie;COCONUT;SEASHELLS;10078.0;9
4258700;Raj;Vinnie;COCONUT;SEASHELLS;10081.0;9
4259000;Vinnie;Vinnie;COCONUT;SEASHELLS;10076.0;10
4260000;Raj;Vinnie;COCONUT;SEASHELLS;10079.0;9
4262400;Vinnie;Rhianna;COCONUT;SEASHELLS;10066.0;1
4263100;Vinnie;Rhianna;COCONUT;SEASHELLS;10067.0;3
4263300;Vinnie;Raj;COCONUT;SEASHELLS;10069.0;10
4264000;Raj;Vinnie;COCONUT;SEASHELLS;10075.0;6
4264400;Vinnie;Vinnie;COCONUT;SEASHELLS;10074.0;7
4265800;Vinnie;Rhianna;COCONUT;SEASHELLS;10076.0;1
4267800;Raj;Vinnie;COCONUT;SEASHELLS;10069.0;10
4268500;Raj;Vinnie;COCONUT;SEASHELLS;10067.0;5
4269700;Rhianna;Vinnie;COCONUT;SEASHELLS;10072.0;1
4271800;Vinnie;Raj;COCONUT;SEASHELLS;10075.0;7
4273300;Vinnie;Vinnie;COCONUT;SEASHELLS;10072.0;10
4273400;Vinnie;Vinnie;COCONUT;SEASHELLS;10073.0;8
4275000;Vinnie;Vinnie;COCONUT;SEASHELLS;10080.0;5
4275400;Vinnie;Vinnie;COCONUT;SEASHELLS;10079.0;6
4278300;Vinnie;Vinnie;COCONUT;SEASHELLS;10088.0;8
4279100;Vinnie;Vinnie;COCONUT;SEASHELLS;10094.0;9
4281300;Vinnie;Vinnie;COCONUT;SEASHELLS;10084.0;6
4281400;Vinnie;Vinnie;COCONUT;SEASHELLS;10085.0;9
4285500;Vinnie;Rhianna;COCONUT;SEASHELLS;10078.0;3
4285700;Vinnie;Rhianna;COCONUT;SEASHELLS;10077.0;1
4286700;Vinnie;Vinnie;COCONUT;SEASHELLS;10080.0;8
4287200;Vinnie;Vinnie;COCONUT;SEASHELLS;10077.0;6
4287600;Vinnie;Raj;COCONUT;SEASHELLS;10077.0;10
4288400;Vinnie;Vinnie;COCONUT;SEASHELLS;10077.0;7
4289500;Vinnie;Rhianna;COCONUT;SEASHELLS;10073.0;3
4290300;Vinnie;Vinnie;COCONUT;SEASHELLS;10078.0;8
4290800;Vinnie;Vinnie;COCONUT;SEASHELLS;10079.0;7
4291300;Vinnie;Raj;COCONUT;SEASHELLS;10075.0;7
4293000;Vinnie;Rhianna;COCONUT;SEASHELLS;10077.0;2
4294700;Vinnie;Raj;COCONUT;SEASHELLS;10066.0;9
4298300;Rhianna;Vinnie;COCONUT;SEASHELLS;10068.0;1
4300500;Raj;Vinnie;COCONUT;SEASHELLS;10066.0;5
4304200;Vinnie;Vinnie;COCONUT;SEASHELLS;10066.0;5
4306700;Raj;Vinnie;COCONUT;SEASHELLS;10067.0;5
4307200;Rhianna;Vinnie;COCONUT;SEASHELLS;10067.0;2
4307900;Rhianna;Vinnie;COCONUT;SEASHELLS;10063.0;3
4310600;Vinnie;Vinnie;COCONUT;SEASHELLS;10069.0;6
4312800;Vinnie;Raj;COCONUT;SEASHELLS;10075.0;10
4315000;Vinnie;Vinnie;COCONUT;SEASHELLS;10082.0;5
4316400;Vinnie;Rhianna;COCONUT;SEASHELLS;10083.0;1
4316900;Vinnie;Vinnie;COCONUT;SEASHELLS;10083.0;7
4317300;Rhianna;Vinnie;COCONUT;SEASHELLS;10085.0;1
4318100;Vinnie;Vinnie;COCONUT;SEASHELLS;10081.0;9
4319400;Vinnie;Vinnie;COCONUT;SEASHELLS;10086.0;6
4320600;Vinnie;Vinnie;COCONUT;SEASHELLS;10092.0;9
4321800;Vinnie;Rhianna;COCONUT;SEASHELLS;10089.0;1
4323900;Vinnie;Raj;COCONUT;SEASHELLS;10085.0;6
4325700;Vinnie;Vinnie;COCONUT;SEASHELLS;10085.0;8
4326500;Vinnie;Vinnie;COCONUT;SEASHELLS;10089.0;8
4327200;Rhianna;Vinnie;COCONUT;SEASHELLS;10088.0;1
4327600;Vinnie;Rhianna;COCONUT;SEASHELLS;10085.0;1
4327900;Vinnie;Rhianna;COCONUT;SEASHELLS;10082.0;1
4329600;Rhianna;Vinnie;COCONUT;SEASHELLS;10079.0;3
4334300;Rhianna;Vinnie;COCONUT;SEASHELLS;10077.0;2
4336000;Vinnie;Vinnie;COCONUT;SEASHELLS;10075.0;9
4339200;Vinnie;Rhianna;COCONUT;SEASHELLS;10083.0;1
4339300;Vinnie;Vinnie;COCONUT;SEASHELLS;10083.0;6
4345200;Raj;Vinnie;COCONUT;SEASHELLS;10081.0;5
4346400;Vinnie;Vinnie;COCONUT;SEASHELLS;10081.0;8
4351100;Vinnie;Vinnie;COCONUT;SEASHELLS;10083.0;10
4354000;Vinnie;Vinnie;COCONUT;SEASHELLS;10080.0;7
4354200;Vinnie;Vinnie;COCONUT;SEASHELLS;10081.0;8
4355300;Vinnie;Vinnie;COCONUT;SEASHELLS;10086.0;10
4355500;Raj;Vinnie;COCONUT;SEASHELLS;10089.0;7
4356300;Vinnie;Raj;COCONUT;SEASHELLS;10088.0;8
4357600;Vinnie;Vinnie;COCONUT;SEASHELLS;10081.0;7
4358100;Raj;Vinnie;COCONUT;SEASHELLS;10081.0;9
4358900;Rhianna;Vinnie;COCONUT;SEASHELLS;10084.0;2
4364300;Vinnie;Vinnie;COCONUT;SEASHELLS;10082.0;10
4366600;Vinnie;Vinnie;COCONUT;SEASHELLS;10081.0;7
4366900;Vinnie;Vinnie;COCONUT;SEASHELLS;10076.0;5
4367900;Vinnie;Vinnie;COCONUT;SEASHELLS;10074.0;10
4370700;Vinnie;Raj;COCONUT;SEASHELLS;10077.0;6
4371300;Rhianna;Vinnie;COCONUT;SEASHELLS;10075.0;2
4371800;Vinnie;Vinnie;COCONUT;SEASHELLS;10074.0;6
4373200;Rhianna;Vinnie;COCONUT;SEASHELLS;10072.0;2
4373300;Vinnie;Vinnie;COCONUT;SEASHELLS;10071.0;6
4373900;Vinnie;Vinnie;COCONUT;SEASHELLS;10073.0;10
4374400;Vinnie;Vinnie;COCONUT;SEASHELLS;10071.0;7
4375900;Vinnie;Rhianna;COCONUT;SEASHELLS;10072.0;2
4379100;Vinnie;Vinnie;COCONUT;SEASHELLS;10078.0;6
4379200;Vinnie;Vinnie;COCONUT;SEASHELLS;10077.0;10
4379400;Vinnie;Vinnie;COCONUT;SEASHELLS;10076.0;8
4379800;Vinnie;Vinnie;COCONUT;SEASHELLS;10073.0;9
4381300;Vinnie;Vinnie;COCONUT;SEASHELLS;10075.0;8
4382300;Vinnie;Raj;COCONUT;SEASHELLS;10075.0;8
4383700;Vinnie;Vinnie;COCONUT;SEASHELLS;10079.0;7
4386100;Vinnie;Vinnie;COCONUT;SEASHELLS;10082.0;8
4387700;Vinnie;Rhianna;COCONUT;SEASHELLS;10085.0;1
4389800;Vinnie;Vinnie;COCONUT;SEASHELLS;10085.0;7
4389900;Vinnie;Vinnie;COCONUT;SEASHELLS;10084.0;5
4390600;Vinnie;Vinnie;COCONUT;SEASHELLS;10089.0;6
4391300;Raj;Vinnie;COCONUT;SEASHELLS;10092.0;5
4392000;Vinnie;Vinnie;COCONUT;SEASHELLS;10092.0;7
4392200;Vinnie;Raj;COCONUT;SEASHELLS;10093.0;9
4392800;Vinnie;Vinnie;COCONUT;SEASHELLS;10093.0;8
4396800;Vinnie;Vinnie;COCONUT;SEASHELLS;10105.0;10
4398300;Rhianna;Vinnie;COCONUT;SEASHELLS;10100.0;2
4401900;Vinnie;Vinnie;COCONUT;SEASHELLS;10094.0;5
4402300;Vinnie;Vinnie;COCONUT;SEASHELLS;10096.0;8
4402500;Vinnie;Vinnie;COCONUT;SEASHELLS;10098.0;6
4405500;Vinnie;Vinnie;COCONUT;SEASHELLS;10103.0;7
4405700;Vinnie;Vinnie;COCONUT;SEASHELLS;10100.0;5
4405800;Vinnie;Vinnie;COCONUT;SEASHELLS;10100.0;8
4406800;Vinnie;Vinnie;COCONUT;SEASHELLS;10103.0;10
4410800;Vinnie;Vinnie;COCONUT;SEASHELLS;10113.0;10
4410900;Raj;Vinnie;COCONUT;SEASHELLS;10115.0;8
4418200;Vinnie;Vinnie;COCONUT;SEASHELLS;10118.0;8
4420000;Vinnie;Vinnie;COCONUT;SEASHELLS;10110.0;10
4420600;Vinnie;Vinnie;COCONUT;SEASHELLS;10108.0;8
4424400;Raj;Vinnie;COCONUT;SEASHELLS;10109.0;10
4425900;Vinnie;Vinnie;COCONUT;SEASHELLS;10103.0;5
4426600;Vinnie;Vinnie;COCONUT;SEASHELLS;10105.0;5
4427700;Vinnie;Vinnie;COCONUT;SEASHELLS;10107.0;8
4428000;Vinnie;Vinnie;COCONUT;SEASHELLS;10103.0;9
4431600;Vinnie;Vinnie;COCONUT;SEASHELLS;10104.0;7
4432700;Rhianna;Vinnie;COCONUT;SEASHELLS;10104.0;3
4433300;Raj;Vinnie;COCONUT;SEASHELLS;10106.0;8
4436000;Vinnie;Vinnie;COCONUT;SEASHELLS;10104.0;9
4436400;Rhianna;Vinnie;COCONUT;SEASHELLS;10107.0;1
4438200;Vinnie;Vinnie;COCONUT;SEASHELLS;10097.0;9
4438800;Vinnie;Vinnie;COCONUT;SEASHELLS;10096.0;9
4440200;Vinnie;Vinnie;COCONUT;SEASHELLS;10096.0;7
4441300;Raj;Vinnie;COCONUT;SEASHELLS;10096.0;5
4442000;Raj;Vinnie;COCONUT;SEASHELLS;10096.0;7
4443400;Vinnie;Raj;COCONUT;SEASHELLS;10093.0;8
4443800;Vinnie;Vinnie;COCONUT;SEASHELLS;10094.0;7
4449100;Vinnie;Rhianna;COCONUT;SEASHELLS;10097.0;2
4451000;Vinnie;Vinnie;COCONUT;SEASHELLS;10091.0;5
4454300;Rhianna;Vinnie;COCONUT;SEASHELLS;10093.0;1
4460200;Raj;Vinnie;COCONUT;SEASHELLS;10078.0;5
4464600;Rhianna;Vinnie;COCONUT;SEASHELLS;10081.0;3
4465000;Vinnie;Vinnie;COCONUT;SEASHELLS;10080.0;5
4465600;Rhianna;Vinnie;COCONUT;SEASHELLS;10081.0;2
4470900;Vinnie;Vinnie;COCONUT;SEASHELLS;10083.0;9
4472600;Raj;Vinnie;COCONUT;SEASHELLS;10081.0;5
4474400;Vinnie;Vinnie;COCONUT;SEASHELLS;10081.0;9
4475100;Raj;Vinnie;COCONUT;SEASHELLS;10077.0;6
4475300;Vinnie;Vinnie;COCONUT;SEASHELLS;10075.0;10
4475500;Vinnie;Vinnie;COCONUT;SEASHELLS;10075.0;10
4476700;Vinnie;Rhianna;COCONUT;SEASHELLS;10077.0;1
4476900;Vinnie;Raj;COCONUT;SEASHELLS;10078.0;9
4477000;Vinnie;Vinnie;COCONUT;SEASHELLS;10077.0;10
4477400;Vinnie;Vinnie;COCONUT;SEASHELLS;10076.0;7
4478600;Vinnie;Vinnie;COCONUT;SEASHELLS;10079.0;5
4479400;Vinnie;Vinnie;COCONUT;SEASHELLS;10082.0;6
4479700;Raj;Vinnie;COCONUT;SEASHELLS;10084.0;10
4482900;Vinnie;Vinnie;COCONUT;SEASHELLS;10084.0;8
4484500;Vinnie;Vinnie;COCONUT;SEASHELLS;10082.0;10
4485700;Vinnie;Vinnie;COCONUT;SEASHELLS;10078.0;7
4488700;Vinnie;Raj;COCONUT;SEASHELLS;10074.0;8
4489700;Vinnie;Vinnie;COCONUT;SEASHELLS;10079.0;10
4489900;Vinnie;Vinnie;COCONUT;SEASHELLS;10079.0;8
4490700;Vinnie;Vinnie;COCONUT;SEASHELLS;10083.0;5
4493600;Vinnie;Vinnie;COCONUT;SEASHELLS;10088.0;5
4496700;Vinnie;Vinnie;COCONUT;SEASHELLS;10082.0;10
4497100;Vinnie;Vinnie;COCONUT;SEASHELLS;10083.0;5
4503300;Raj;Vinnie;COCONUT;SEASHELLS;10082.0;6
4508600;Vinnie;Raj;COCONUT;SEASHELLS;10081.0;7
4508800;Vinnie;Raj;COCONUT;SEASHELLS;10078.0;7
4508800;Vinnie;Vinnie;COCONUT;SEASHELLS;10078.0;9
4512900;Vinnie;Vinnie;COCONUT;SEASHELLS;10071.0;10
4513600;Vinnie;Raj;COCONUT;SEASHELLS;10073.0;9
4514700;Vinnie;Vinnie;COCONUT;SEASHELLS;10070.0;7
4515200;Raj;Vinnie;COCONUT;SEASHELLS;10070.0;5
4520900;Vinnie;Rhianna;COCONUT;SEASHELLS;10073.0;1
4521800;Vinnie;Vinnie;COCONUT;SEASHELLS;10073.0;10
4522300;Vinnie;Vinnie;COCONUT;SEASHELLS;10071.0;5
4524700;Vinnie;Vinnie;COCONUT;SEASHELLS;10070.0;7
4527100;Vinnie;Vinnie;COCONUT;SEASHELLS;10075.0;9
4528200;Vinnie;Vinnie;COCONUT;SEASHELLS;10074.0;7
4529900;Vinnie;Vinnie;COCONUT;SEASHELLS;10068.0;10
4530100;Vinnie;Vinnie;COCONUT;SEASHELLS;10069.0;10
4532000;Vinnie;Vinnie;COCONUT;SEASHELLS;10078.0;9
4532100;Raj;Vinnie;COCONUT;SEASHELLS;10080.0;6
4536700;Vinnie;Vinnie;COCONUT;SEASHELLS;10084.0;6
4536800;Vinnie;Vinnie;COCONUT;SEASHELLS;10083.0;8
4541000;Vinnie;Raj;COCONUT;SEASHELLS;10089.0;9
4541900;Vinnie;Rhianna;COCONUT;SEASHELLS;10085.0;2
4542900;Vinnie;Rhianna;COCONUT;SEASHELLS;10082.0;2
4543100;Raj;Vinnie;COCONUT;SEASHELLS;10082.0;5
4543800;Vinnie;Vinnie;COCONUT;SEASHELLS;10081.0;8
4545200;Vinnie;Vinnie;COCONUT;SEASHELLS;10084.0;5
4547200;Vinnie;Raj;COCONUT;SEASHELLS;10079.0;8
4548700;Vinnie;Rhianna;COCONUT;SEASHELLS;10080.0;1
4549800;Vinnie;Vinnie;COCONUT;SEASHELLS;10079.0;6
4554600;Vinnie;Rhianna;COCONUT;SEASHELLS;10080.0;2
4555700;Vinnie;Vinnie;COCONUT;SEASHELLS;10079.0;9
4557600;Vinnie;Rhianna;COCONUT;SEASHELLS;10077.0;2
4559700;Vinnie;Vinnie;COCONUT;SEASHELLS;10073.0;5
4560700;Vinnie;Vinnie;COCONUT;SEASHELLS;10077.0;6
4560700;Raj;Vinnie;COCONUT;SEASHELLS;10079.0;7
4561000;Vinnie;Vinnie;COCONUT;SEASHELLS;10077.0;7
4561100;Vinnie;Vinnie;COCONUT;SEASHELLS;10076.0;6
4562400;Vinnie;Vinnie;COCONUT;SEASHELLS;10079.0;9
4563400;Vinnie;Vinnie;COCONUT;SEASHELLS;10084.0;5
4564000;Vinnie;Vinnie;COCONUT;SEASHELLS;10086.0;10
4564900;Vinnie;Vinnie;COCONUT;SEASHELLS;10088.0;8
4565000;Vinnie;Vinnie;COCONUT;SEASHELLS;10087.0;9
4567600;Vinnie;Vinnie;COCONUT;SEASHELLS;10087.0;7
4568000;Vinnie;Raj;COCONUT;SEASHELLS;10088.0;8
4570700;Vinnie;Rhianna;COCONUT;SEASHELLS;10086.0;3
4572100;Vinnie;Vinnie;COCONUT;SEASHELLS;10080.0;9
4574000;Vinnie;Raj;COCONUT;SEASHELLS;10081.0;9
4575600;Rhianna;Vinnie;COCONUT;SEASHELLS;10076.0;2
4576600;Vinnie;Raj;COCONUT;SEASHELLS;10072.0;5
4576800;Vinnie;Vinnie;COCONUT;SEASHELLS;10070.0;6
4577200;Vinnie;Vinnie;COCONUT;SEASHELLS;10071.0;10
4578400;Vinnie;Vinnie;COCONUT;SEASHELLS;10067.0;6
4579600;Vinnie;Raj;COCONUT;SEASHELLS;10069.0;9
4580800;Vinnie;Vinnie;COCONUT;SEASHELLS;10061.0;7
4583900;Vinnie;Vinnie;COCONUT;SEASHELLS;10062.0;5
4584100;Vinnie;Vinnie;COCONUT;SEASHELLS;10061.0;9
4584300;Vinnie;Vinnie;COCONUT;SEASHELLS;10060.0;8
4591700;Vinnie;Vinnie;COCONUT;SEASHELLS;10058.0;8
4592600;Vinnie;Vinnie;COCONUT;SEASHELLS;10058.0;10
4593700;Vinnie;Vinnie;COCONUT;SEASHELLS;10061.0;9
4597900;Vinnie;Rhianna;COCONUT;SEASHELLS;10058.0;2
4600800;Vinnie;Vinnie;COCONUT;SEASHELLS;10053.0;5
4601800;Vinnie;Vinnie;COCONUT;SEASHELLS;10050.0;8
4601800;Raj;Vinnie;COCONUT;SEASHELLS;10051.0;7
4604600;Vinnie;Vinnie;COCONUT;SEASHELLS;10049.0;7
4604900;Vinnie;Rhianna;COCONUT;SEASHELLS;10051.0;3
4605700;Vinnie;Vinnie;COCONUT;SEASHELLS;10050.0;7
4607200;Rhianna;Vinnie;COCONUT;SEASHELLS;10055.0;2
4608500;Raj;Vinnie;COCONUT;SEASHELLS;10060.0;7
4609800;Vinnie;Vinnie;COCONUT;SEASHELLS;10059.0;7
4610100;Vinnie;Vinnie;COCONUT;SEASHELLS;10060.0;8
4610800;Vinnie;Vinnie;COCONUT;SEASHELLS;10060.0;8
4613800;Vinnie;Rhianna;COCONUT;SEASHELLS;10053.0;3
4613900;Vinnie;Vinnie;COCONUT;SEASHELLS;10055.0;6
4614000;Raj;Vinnie;COCONUT;SEASHELLS;10056.0;7
4614700;Rhianna;Vinnie;COCONUT;SEASHELLS;10056.0;1
4617500;Raj;Vinnie;COCONUT;SEASHELLS;10050.0;10
4619300;Vinnie;Vinnie;COCONUT;SEASHELLS;10048.0;8
4619900;Vinnie;Raj;COCONUT;SEASHELLS;10046.0;5
4622000;Vinnie;Vinnie;COCONUT;SEASHELLS;10040.0;6
4622300;Vinnie;Vinnie;COCONUT;SEASHELLS;10042.0;8
4623000;Vinnie;Vinnie;COCONUT;SEASHELLS;10040.0;5
4623000;Vinnie;Raj;COCONUT;SEASHELLS;10040.0;5
4624000;Vinnie;Rhianna;COCONUT;SEASHELLS;10038.0;2
4626100;Vinnie;Vinnie;COCONUT;SEASHELLS;10036.0;6
4626600;Vinnie;Vinnie;COCONUT;SEASHELLS;10036.0;9
4626900;Vinnie;Raj;COCONUT;SEASHELLS;10031.0;6
4630100;Vinnie;Vinnie;COCONUT;SEASHELLS;10044.0;5
4631400;Vinnie;Vinnie;COCONUT;SEASHELLS;10040.0;8
4632200;Rhianna;Vinnie;COCONUT;SEASHELLS;10036.0;1
4633500;Vinnie;Vinnie;COCONUT;SEASHELLS;10035.0;8
4633900;Vinnie;Vinnie;COCONUT;SEASHELLS;10036.0;10
4634000;Vinnie;Vinnie;COCONUT;SEASHELLS;10036.0;7
4636000;Vinnie;Rhianna;COCONUT;SEASHELLS;10038.0;1
4636100;Raj;Vinnie;COCONUT;SEASHELLS;10040.0;8
4640300;Vinnie;Rhianna;COCONUT;SEASHELLS;10047.0;2
4644100;Vinnie;Vinnie;COCONUT;SEASHELLS;10048.0;6
4647700;Vinnie;Vinnie;COCONUT;SEASHELLS;10045.0;5
4648300;Raj;Vinnie;COCONUT;SEASHELLS;10047.0;8
4648800;Vinnie;Vinnie;COCONUT;SEASHELLS;10046.0;9
4649000;Vinnie;Vinnie;COCONUT;SEASHELLS;10047.0;5
4649400;Vinnie;Vinnie;COCONUT;SEASHELLS;10049.0;9
4649700;Vinnie;Raj;COCONUT;SEASHELLS;10050.0;6
4651200;Vinnie;Vinnie;COCONUT;SEASHELLS;10050.0;7
4654000;Rhianna;Vinnie;COCONUT;SEASHELLS;10046.0;2
4654000;Vinnie;Vinnie;COCONUT;SEASHELLS;10046.0;4
4654900;Vinnie;Vinnie;COCONUT;SEASHELLS;10044.0;8
4658100;Rhianna;Vinnie;COCONUT;SEASHELLS;10046.0;3
4662500;Vinnie;Vinnie;COCONUT;SEASHELLS;10035.0;9
4664600;Vinnie;Vinnie;COCONUT;SEASHELLS;10031.0;10
4665300;Rhianna;Vinnie;COCONUT;SEASHELLS;10031.0;3
4668800;Vinnie;Raj;COCONUT;SEASHELLS;10032.0;10
4668900;Vinnie;Vinnie;COCONUT;SEASHELLS;10032.0;7
4669100;Vinnie;Rhianna;COCONUT;SEASHELLS;10033.0;1
4671000;Rhianna;Vinnie;COCONUT;SEASHELLS;10024.0;3
4673200;Vinnie;Vinnie;COCONUT;SEASHELLS;10020.0;5
4674800;Vinnie;Vinnie;COCONUT;SEASHELLS;10019.0;5
4676200;Rhianna;Vinnie;COCONUT;SEASHELLS;10018.0;2
4677300;Vinnie;Vinnie;COCONUT;SEASHELLS;10020.0;10
4677800;Vinnie;Vinnie;COCONUT;SEASHELLS;10021.0;8
4679200;Vinnie;Raj;COCONUT;SEASHELLS;10021.0;8
4682800;Vinnie;Vinnie;COCONUT;SEASHELLS;10014.0;8
4683400;Vinnie;Raj;COCONUT;SEASHELLS;10010.0;6
4683500;Vinnie;Vinnie;COCONUT;SEASHELLS;10009.0;5
4684900;Vinnie;Raj;COCONUT;SEASHELLS;10009.0;9
4685000;Vinnie;Vinnie;COCONUT;SEASHELLS;10010.0;5
4686300;Vinnie;Vinnie;COCONUT;SEASHELLS;10010.0;9
4686600;Rhianna;Vinnie;COCONUT;SEASHELLS;10013.0;1
4687900;Vinnie;Vinnie;COCONUT;SEASHELLS;10009.0;9
4696900;Vinnie;Vinnie;COCONUT;SEASHELLS;10025.0;9
4704000;Raj;Vinnie;COCONUT;SEASHELLS;10026.0;8
4704300;Vinnie;Raj;COCONUT;SEASHELLS;10026.0;10
4704900;Vinnie;Vinnie;COCONUT;SEASHELLS;10027.0;9
4709000;Raj;Vinnie;COCONUT;SEASHELLS;10032.0;9
4712700;Vinnie;Vinnie;COCONUT;SEASHELLS;10023.0;6
4713200;Vinnie;Vinnie;COCONUT;SEASHELLS;10022.0;6
4714200;Vinnie;Vinnie;COCONUT;SEASHELLS;10022.0;8
4715300;Vinnie;Vinnie;COCONUT;SEASHELLS;10019.0;5
4716200;Vinnie;Vinnie;COCONUT;SEASHELLS;10017.0;10
4716600;Vinnie;Rhianna;COCONUT;SEASHELLS;10019.0;3
4717900;Vinnie;Vinnie;COCONUT;SEASHELLS;10021.0;7
4718200;Vinnie;Vinnie;COCONUT;SEASHELLS;10025.0;7
4718300;Raj;Vinnie;COCONUT;SEASHELLS;10026.0;10
4718300;Vinnie;Vinnie;COCONUT;SEASHELLS;10025.0;8
4719400;Vinnie;Vinnie;COCONUT;SEASHELLS;10025.0;9
4719800;Rhianna;Vinnie;COCONUT;SEASHELLS;10024.0;1
4722100;Vinnie;Vinnie;COCONUT;SEASHELLS;10031.0;6
4722500;Vinnie;Vinnie;COCONUT;SEASHELLS;10029.0;9
4722900;Rhianna;Vinnie;COCONUT;SEASHELLS;10031.0;1
4723400;Vinnie;Vinnie;COCONUT;SEASHELLS;10032.0;8
4723700;Vinnie;Vinnie;COCONUT;SEASHELLS;10033.0;6
4723900;Vinnie;Raj;COCONUT;SEASHELLS;10033.0;9
4725300;Vinnie;Raj;COCONUT;SEASHELLS;10035.0;8
4727800;Vinnie;Vinnie;COCONUT;SEASHELLS;10029.0;7
4729400;Vinnie;Raj;COCONUT;SEASHELLS;10038.0;5
4731600;Vinnie;Raj;COCONUT;SEASHELLS;10040.0;7
4741400;Vinnie;Vinnie;COCONUT;SEASHELLS;10028.0;8
4743800;Vinnie;Vinnie;COCONUT;SEASHELLS;10030.0;10
4744500;Vinnie;Vinnie;COCONUT;SEASHELLS;10029.0;9
4746000;Raj;Vinnie;COCONUT;SEASHELLS;10027.0;5
4749600;Raj;Vinnie;COCONUT;SEASHELLS;10033.0;10
4752100;Rhianna;Vinnie;COCONUT;SEASHELLS;10039.0;2
4752200;Vinnie;Vinnie;COCONUT;SEASHELLS;10038.0;5
4754700;Vinnie;Vinnie;COCONUT;SEASHELLS;10030.0;7
4755300;Raj;Vinnie;COCONUT;SEASHELLS;10029.0;7
4755500;Vinnie;Vinnie;COCONUT;SEASHELLS;10028.0;7
4757000;Rhianna;Vinnie;COCONUT;SEASHELLS;10033.0;2
4759900;Vinnie;Vinnie;COCONUT;SEASHELLS;10035.0;10
4761700;Vinnie;Vinnie;COCONUT;SEASHELLS;10034.0;8
4761900;Vinnie;Vinnie;COCONUT;SEASHELLS;10034.0;6
4762400;Vinnie;Raj;COCONUT;SEASHELLS;10036.0;10
4763500;Vinnie;Vinnie;COCONUT;SEASHELLS;10033.0;6
4766300;Vinnie;Vinnie;COCONUT;SEASHELLS;10043.0;8
4766400;Vinnie;Raj;COCONUT;SEASHELLS;10044.0;8
4767700;Vinnie;Vinnie;COCONUT;SEASHELLS;10038.0;7
4767900;Vinnie;Raj;COCONUT;SEASHELLS;10038.0;8
4768900;Raj;Vinnie;COCONUT;SEASHELLS;10036.0;5
4770800;Raj;Vinnie;COCONUT;SEASHELLS;10034.0;9
4772600;Vinnie;Vinnie;COCONUT;SEASHELLS;10031.0;10
4774200;Rhianna;Vinnie;COCONUT;SEASHELLS;10031.0;2
4777600;Vinnie;Vinnie;COCONUT;SEASHELLS;10026.0;8
4777800;Vinnie;Vinnie;COCONUT;SEASHELLS;10028.0;10
4787300;Vinnie;Vinnie;COCONUT;SEASHELLS;10026.0;7
4791300;Vinnie;Rhianna;COCONUT;SEASHELLS;10018.0;2
4791800;Vinnie;Rhianna;COCONUT;SEASHELLS;10016.0;3
4793100;Vinnie;Vinnie;COCONUT;SEASHELLS;10015.0;8
4793400;Vinnie;Vinnie;COCONUT;SEASHELLS;10013.0;10
4795600;Vinnie;Vinnie;COCONUT;SEASHELLS;10016.0;9
4796500;Rhianna;Vinnie;COCONUT;SEASHELLS;10021.0;3
4797400;Vinnie;Vinnie;COCONUT;SEASHELLS;10019.0;10
4805300;Raj;Vinnie;COCONUT;SEASHELLS;10018.0;8
4805400;Vinnie;Rhianna;COCONUT;SEASHELLS;10016.0;2
4807500;Vinnie;Vinnie;COCONUT;SEASHELLS;10014.0;7
4808700;Vinnie;Vinnie;COCONUT;SEASHELLS;10021.0;6
4808800;Vinnie;Vinnie;COCONUT;SEASHELLS;10021.0;10
4809600;Rhianna;Vinnie;COCONUT;SEASHELLS;10024.0;3
4814200;Vinnie;Vinnie;COCONUT;SEASHELLS;10021.0;7
4815300;Vinnie;Vinnie;COCONUT;SEASHELLS;10020.0;5
4819800;Vinnie;Vinnie;COCONUT;SEASHELLS;10022.0;6
4821100;Vinnie;Raj;COCONUT;SEASHELLS;10013.0;6
4822200;Vinnie;Vinnie;COCONUT;SEASHELLS;10010.0;6
4823100;Vinnie;Raj;COCONUT;SEASHELLS;10009.0;5
4827100;Vinnie;Rhianna;COCONUT;SEASHELLS;10010.0;3
4828700;Rhianna;Vinnie;COCONUT;SEASHELLS;10007.0;1
4830700;Raj;Vinnie;COCONUT;SEASHELLS;10010.0;9
4834100;Vinnie;Vinnie;COCONUT;SEASHELLS;10019.0;10
4839500;Vinnie;Vinnie;COCONUT;SEASHELLS;10021.0;7
4840300;Vinnie;Vinnie;COCONUT;SEASHELLS;10021.0;8
4840400;Raj;Vinnie;COCONUT;SEASHELLS;10024.0;8
4841700;Vinnie;Vinnie;COCONUT;SEASHELLS;10026.0;6
4842300;Vinnie;Rhianna;COCONUT;SEASHELLS;10027.0;2
4846300;Vinnie;Rhianna;COCONUT;SEASHELLS;10023.0;2
4846300;Vinnie;Raj;COCONUT;SEASHELLS;10023.0;6
4847800;Vinnie;Vinnie;COCONUT;SEASHELLS;10024.0;9
4848000;Vinnie;Vinnie;COCONUT;SEASHELLS;10025.0;6
4849500;Vinnie;Vinnie;COCONUT;SEASHELLS;10025.0;8
4850400;Vinnie;Rhianna;COCONUT;SEASHELLS;10027.0;1
4851800;Vinnie;Vinnie;COCONUT;SEASHELLS;10027.0;9
4852100;Vinnie;Vinnie;COCONUT;SEASHELLS;10027.0;7
4852800;Vinnie;Raj;COCONUT;SEASHELLS;10028.0;7
4853100;Vinnie;Vinnie;COCONUT;SEASHELLS;10026.0;5
4854700;Vinnie;Vinnie;COCONUT;SEASHELLS;10028.0;9
4857100;Vinnie;Vinnie;COCONUT;SEASHELLS;10025.0;7
4857800;Vinnie;Vinnie;COCONUT;SEASHELLS;10025.0;6
4857900;Vinnie;Vinnie;COCONUT;SEASHELLS;10025.0;7
4860500;Vinnie;Vinnie;COCONUT;SEASHELLS;10031.0;7
4865800;Vinnie;Vinnie;COCONUT;SEASHELLS;10041.0;7
4870900;Vinnie;Vinnie;COCONUT;SEASHELLS;10031.0;7
4873400;Vinnie;Vinnie;COCONUT;SEASHELLS;10036.0;9
4874500;Vinnie;Vinnie;COCONUT;SEASHELLS;10033.0;6
4877400;Vinnie;Vinnie;COCONUT;SEASHELLS;10035.0;7
4881100;Vinnie;Raj;COCONUT;SEASHELLS;10032.0;8
4883500;Vinnie;Vinnie;COCONUT;SEASHELLS;10038.0;6
4884400;Vinnie;Vinnie;COCONUT;SEASHELLS;10043.0;6
4885400;Raj;Vinnie;COCONUT;SEASHELLS;10043.0;9
4888500;Rhianna;Vinnie;COCONUT;SEASHELLS;10032.0;3
4888500;Vinnie;Vinnie;COCONUT;SEASHELLS;10031.0;10
4892200;Vinnie;Vinnie;COCONUT;SEASHELLS;10023.0;8
4893400;Vinnie;Vinnie;COCONUT;SEASHELLS;10025.0;8
4894400;Vinnie;Vinnie;COCONUT;SEASHELLS;10028.0;6
4894700;Raj;Vinnie;COCONUT;SEASHELLS;10032.0;10
4898500;Vinnie;Vinnie;COCONUT;SEASHELLS;10032.0;7
4899000;Vinnie;Vinnie;COCONUT;SEASHELLS;10033.0;8
4905000;Raj;Vinnie;COCONUT;SEASHELLS;10039.0;5
4906900;Vinnie;Vinnie;COCONUT;SEASHELLS;10033.0;10
4907300;Raj;Vinnie;COCONUT;SEASHELLS;10034.0;8
4908800;Vinnie;Raj;COCONUT;SEASHELLS;10034.0;10
4909900;Rhianna;Vinnie;COCONUT;SEASHELLS;10034.0;3
4911300;Vinnie;Vinnie;COCONUT;SEASHELLS;10032.0;8
4912900;Vinnie;Vinnie;COCONUT;SEASHELLS;10024.0;9
4921400;Vinnie;Vinnie;COCONUT;SEASHELLS;10028.0;9
4921600;Vinnie;Vinnie;COCONUT;SEASHELLS;10028.0;7
4921900;Vinnie;Raj;COCONUT;SEASHELLS;10026.0;7
4922800;Vinnie;Vinnie;COCONUT;SEASHELLS;10023.0;6
4925200;Vinnie;Vinnie;COCONUT;SEASHELLS;10030.0;9
4927100;Vinnie;Vinnie;COCONUT;SEASHELLS;10033.0;5
4927200;Raj;Vinnie;COCONUT;SEASHELLS;10035.0;10
4928200;Vinnie;Vinnie;COCONUT;SEASHELLS;10033.0;7
4929400;Vinnie;Vinnie;COCONUT;SEASHELLS;10036.0;10
4931600;Vinnie;Vinnie;COCONUT;SEASHELLS;10035.0;10
4931800;Vinnie;Vinnie;COCONUT;SEASHELLS;10035.0;6
4934900;Vinnie;Vinnie;COCONUT;SEASHELLS;10033.0;5
4937200;Vinnie;Vinnie;COCONUT;SEASHELLS;10024.0;7
4937800;Vinnie;Vinnie;COCONUT;SEASHELLS;10020.0;10
4938300;Vinnie;Vinnie;COCONUT;SEASHELLS;10021.0;10
4938600;Raj;Vinnie;COCONUT;SEASHELLS;10024.0;10
4939600;Vinnie;Raj;COCONUT;SEASHELLS;10019.0;9
4944500;Vinnie;Vinnie;COCONUT;SEASHELLS;10024.0;7
4944900;Raj;Vinnie;COCONUT;SEASHELLS;10027.0;8
4946100;Vinnie;Vinnie;COCONUT;SEASHELLS;10028.0;10
4946800;Vinnie;Rhianna;COCONUT;SEASHELLS;10028.0;2
4946900;Vinnie;Raj;COCONUT;SEASHELLS;10026.0;6
4947800;Rhianna;Vinnie;COCONUT;SEASHELLS;10024.0;1
4947900;Rhianna;Vinnie;COCONUT;SEASHELLS;10026.0;2
4948600;Vinnie;Vinnie;COCONUT;SEASHELLS;10025.0;6
4949000;Vinnie;Vinnie;COCONUT;SEASHELLS;10027.0;10
4952100;Vinnie;Vinnie;COCONUT;SEASHELLS;10019.0;9
4953800;Vinnie;Vinnie;COCONUT;SEASHELLS;10009.0;7
4956600;Vinnie;Raj;COCONUT;SEASHELLS;10012.0;7
4958900;Vinnie;Vinnie;COCONUT;SEASHELLS;10003.0;5
4959400;Vinnie;Vinnie;COCONUT;SEASHELLS;10003.0;7
4961000;Vinnie;Vinnie;COCONUT;SEASHELLS;10001.0;7
4962300;Vinnie;Rhianna;COCONUT;SEASHELLS;10002.0;3
4965100;Vinnie;Vinnie;COCONUT;SEASHELLS;9991.0;8
4965400;Vinnie;Vinnie;COCONUT;SEASHELLS;9988.0;8
4966200;Vinnie;Rhianna;COCONUT;SEASHELLS;9984.0;3
4966200;Vinnie;Vinnie;COCONUT;SEASHELLS;9984.0;10
4969100;Rhianna;Vinnie;COCONUT;SEASHELLS;9988.0;1
4971700;Vinnie;Vinnie;COCONUT;SEASHELLS;9988.0;10
4971900;Vinnie;Vinnie;COCONUT;SEASHELLS;9989.0;7
4972700;Vinnie;Vinnie;COCONUT;SEASHELLS;9986.0;6
4976500;Vinnie;Vinnie;COCONUT;SEASHELLS;9984.0;9
4976800;Raj;Vinnie;COCONUT;SEASHELLS;9984.0;6
4977100;Vinnie;Vinnie;COCONUT;SEASHELLS;9983.0;7
4981500;Raj;Vinnie;COCONUT;SEASHELLS;9973.0;6
4982300;Vinnie;Vinnie;COCONUT;SEASHELLS;9971.0;7
4982700;Vinnie;Raj;COCONUT;SEASHELLS;9974.0;8
4982900;Rhianna;Vinnie;COCONUT;SEASHELLS;9975.0;2
4983600;Vinnie;Vinnie;COCONUT;SEASHELLS;9978.0;6
4984900;Vinnie;Vinnie;COCONUT;SEASHELLS;9975.0;5
4986700;Raj;Vinnie;COCONUT;SEASHELLS;9981.0;8
4989200;Vinnie;Rhianna;COCONUT;SEASHELLS;9978.0;3
4991300;Vinnie;Raj;COCONUT;SEASHELLS;9977.0;5
4992900;Vinnie;Vinnie;COCONUT;SEASHELLS;9979.0;9
4993200;Vinnie;Vinnie;COCONUT;SEASHELLS;9977.0;6
4994900;Vinnie;Vinnie;COCONUT;SEASHELLS;9983.0;5
4995800;Vinnie;Vinnie;COCONUT;SEASHELLS;9983.0;8
4996300;Vinnie;Vinnie;COCONUT;SEASHELLS;9983.0;6
4998000;Vinnie;Rhianna;COCONUT;SEASHELLS;9990.0;2
4998800;Vinnie;Raj;COCONUT;SEASHELLS;9985.0;5
5001700;Vinnie;Rhianna;COCONUT;SEASHELLS;9983.0;2
5001900;Vinnie;Vinnie;COCONUT;SEASHELLS;9982.0;9
5002600;Vinnie;Vinnie;COCONUT;SEASHELLS;9985.0;5
5005900;Vinnie;Raj;COCONUT;SEASHELLS;9978.0;5
5007500;Vinnie;Raj;COCONUT;SEASHELLS;9978.0;6
5011500;Raj;Vinnie;COCONUT;SEASHELLS;9972.0;8
5011800;Vinnie;Vinnie;COCONUT;SEASHELLS;9973.0;5
5012900;Vinnie;Vinnie;COCONUT;SEASHELLS;9976.0;10
5013300;Rhianna;Vinnie;COCONUT;SEASHELLS;9975.0;3
5014600;Vinnie;Vinnie;COCONUT;SEASHELLS;9976.0;6
5022800;Rhianna;Vinnie;COCONUT;SEASHELLS;9969.0;3
5024200;Vinnie;Vinnie;COCONUT;SEASHELLS;9967.0;10
5025500;Vinnie;Vinnie;COCONUT;SEASHELLS;9966.0;10
5027300;Rhianna;Vinnie;COCONUT;SEASHELLS;9970.0;2
5030600;Vinnie;Vinnie;COCONUT;SEASHELLS;9963.0;8
5031600;Raj;Vinnie;COCONUT;SEASHELLS;9964.0;5
5032000;Vinnie;Vinnie;COCONUT;SEASHELLS;9962.0;5
5032900;Vinnie;Vinnie;COCONUT;SEASHELLS;9963.0;8
5033300;Rhianna;Vinnie;COCONUT;SEASHELLS;9966.0;1
5034300;Rhianna;Vinnie;COCONUT;SEASHELLS;9973.0;3
5036400;Vinnie;Rhianna;COCONUT;SEASHELLS;9970.0;1
5037500;Vinnie;Vinnie;COCONUT;SEASHELLS;9967.0;10
5038200;Vinnie;Vinnie;COCONUT;SEASHELLS;9967.0;9
5038400;Vinnie;Vinnie;COCONUT;SEASHELLS;9966.0;5
5041200;Vinnie;Rhianna;COCONUT;SEASHELLS;9957.0;3
5042000;Raj;Vinnie;COCONUT;SEASHELLS;9959.0;7
5043200;Vinnie;Vinnie;COCONUT;SEASHELLS;9957.0;7
5044000;Vinnie;Raj;COCONUT;SEASHELLS;9956.0;9
5046600;Vinnie;Vinnie;COCONUT;SEASHELLS;9948.0;5
5048100;Rhianna;Vinnie;COCONUT;SEASHELLS;9953.0;3
5050200;Raj;Vinnie;COCONUT;SEASHELLS;9955.0;6
5050500;Vinnie;Vinnie;COCONUT;SEASHELLS;9957.0;6
5052800;Raj;Vinnie;COCONUT;SEASHELLS;9961.0;6
5052900;Vinnie;Vinnie;COCONUT;SEASHELLS;9959.0;7
5052900;Vinnie;Raj;COCONUT;SEASHELLS;9959.0;9
5053300;Vinnie;Vinnie;COCONUT;SEASHELLS;9956.0;6
5054300;Vinnie;Vinnie;COCONUT;SEASHELLS;9960.0;7
5055500;Vinnie;Vinnie;COCONUT;SEASHELLS;9960.0;6
5057500;Rhianna;Vinnie;COCONUT;SEASHELLS;9956.0;3
5058900;Vinnie;Vinnie;COCONUT;SEASHELLS;9954.0;6
5059300;Vinnie;Vinnie;COCONUT;SEASHELLS;9953.0;5
5059300;Vinnie;Rhianna;COCONUT;SEASHELLS;9953.0;1
5061600;Vinnie;Vinnie;COCONUT;SEASHELLS;9954.0;7
5062600;Vinnie;Raj;COCONUT;SEASHELLS;9951.0;9
5064500;Vinnie;Vinnie;COCONUT;SEASHELLS;9952.0;9
5070100;Vinnie;Vinnie;COCONUT;SEASHELLS;9946.0;5
5070300;Vinnie;Rhianna;COCONUT;SEASHELLS;9945.0;2
5071300;Vinnie;Vinnie;COCONUT;SEASHELLS;9941.0;6
5072600;Vinnie;Vinnie;COCONUT;SEASHELLS;9938.0;9
5073600;Vinnie;Vinnie;COCONUT;SEASHELLS;9943.0;10
5080700;Vinnie;Raj;COCONUT;SEASHELLS;9935.0;5
5081400;Rhianna;Vinnie;COCONUT;SEASHELLS;9935.0;1
5085400;Vinnie;Raj;COCONUT;SEASHELLS;9941.0;9
5088400;Rhianna;Vinnie;COCONUT;SEASHELLS;9946.0;2
5091300;Vinnie;Vinnie;COCONUT;SEASHELLS;9937.0;10
5091900;Vinnie;Rhianna;COCONUT;SEASHELLS;9938.0;2
5092400;Raj;Vinnie;COCONUT;SEASHELLS;9941.0;10
5097500;Vinnie;Rhianna;COCONUT;SEASHELLS;9956.0;3
5097900;Vinnie;Vinnie;COCONUT;SEASHELLS;9960.0;7
5098600;Vinnie;Vinnie;COCONUT;SEASHELLS;9959.0;7
5099000;Vinnie;Vinnie;COCONUT;SEASHELLS;9959.0;10
5099800;Vinnie;Vinnie;COCONUT;SEASHELLS;9963.0;8
5101500;Vinnie;Rhianna;COCONUT;SEASHELLS;9965.0;2
5102600;Vinnie;Vinnie;COCONUT;SEASHELLS;9963.0;6
5104100;Vinnie;Vinnie;COCONUT;SEASHELLS;9967.0;10
5106700;Raj;Vinnie;COCONUT;SEASHELLS;9966.0;10
5108500;Raj;Vinnie;COCONUT;SEASHELLS;9963.0;6
5108500;Vinnie;Vinnie;COCONUT;SEASHELLS;9962.0;6
5109000;Vinnie;Vinnie;COCONUT;SEASHELLS;9964.0;5
5112000;Vinnie;Vinnie;COCONUT;SEASHELLS;9965.0;8
5112500;Rhianna;Vinnie;COCONUT;SEASHELLS;9966.0;3
5114200;Raj;Vinnie;COCONUT;SEASHELLS;9960.0;8
5114900;Rhianna;Vinnie;COCONUT;SEASHELLS;9955.0;2
5117300;Vinnie;Rhianna;COCONUT;SEASHELLS;9946.0;1
5120000;Vinnie;Vinnie;COCONUT;SEASHELLS;9931.0;5
5120400;Vinnie;Vinnie;COCONUT;SEASHELLS;9934.0;9
5121000;Vinnie;Vinnie;COCONUT;SEASHELLS;9934.0;10
5122300;Vinnie;Vinnie;COCONUT;SEASHELLS;9930.0;7
5124600;Vinnie;Vinnie;COCONUT;SEASHELLS;9930.0;9
5125400;Vinnie;Vinnie;COCONUT;SEASHELLS;9929.0;9
5125700;Vinnie;Vinnie;COCONUT;SEASHELLS;9926.0;9
5127600;Raj;Vinnie;COCONUT;SEASHELLS;9930.0;7
5128700;Vinnie;Rhianna;COCONUT;SEASHELLS;9923.0;3
5129400;Vinnie;Vinnie;COCONUT;SEASHELLS;9920.0;6
5129900;Vinnie;Vinnie;COCONUT;SEASHELLS;9921.0;9
5130300;Vinnie;Vinnie;COCONUT;SEASHELLS;9924.0;5
5130600;Vinnie;Vinnie;COCONUT;SEASHELLS;9920.0;5
5131000;Rhianna;Vinnie;COCONUT;SEASHELLS;9923.0;1
5132000;Vinnie;Vinnie;COCONUT;SEASHELLS;9927.0;6
5136800;Vinnie;Rhianna;COCONUT;SEASHELLS;9918.0;2
5137600;Vinnie;Vinnie;COCONUT;SEASHELLS;9916.0;6
5138300;Vinnie;Raj;COCONUT;SEASHELLS;9912.0;6
5141700;Vinnie;Vinnie;COCONUT;SEASHELLS;9905.0;5
5143100;Rhianna;Vinnie;COCONUT;SEASHELLS;9906.0;3
5143900;Vinnie;Rhianna;COCONUT;SEASHELLS;9906.0;2
5143900;Vinnie;Vinnie;COCONUT;SEASHELLS;9906.0;6
5144800;Vinnie;Rhianna;COCONUT;SEASHELLS;9901.0;1
5148000;Vinnie;Rhianna;COCONUT;SEASHELLS;9892.0;2
5148800;Vinnie;Vinnie;COCONUT;SEASHELLS;9894.0;8
5150800;Rhianna;Vinnie;COCONUT;SEASHELLS;9900.0;3
5154000;Vinnie;Vinnie;COCONUT;SEASHELLS;9903.0;9
5154700;Vinnie;Vinnie;COCONUT;SEASHELLS;9905.0;9
5160000;Vinnie;Raj;COCONUT;SEASHELLS;9909.0;7
5160800;Vinnie;Vinnie;COCONUT;SEASHELLS;9912.0;6
5160900;Vinnie;Vinnie;COCONUT;SEASHELLS;9912.0;9
5162000;Rhianna;Vinnie;COCONUT;SEASHELLS;9913.0;1
5162400;Vinnie;Rhianna;COCONUT;SEASHELLS;9913.0;1
5162900;Rhianna;Vinnie;COCONUT;SEASHELLS;9915.0;3
5163000;Vinnie;Vinnie;COCONUT;SEASHELLS;9913.0;10
5163800;Vinnie;Vinnie;COCONUT;SEASHELLS;9911.0;10
5164500;Vinnie;Vinnie;COCONUT;SEASHELLS;9910.0;10
5164800;Vinnie;Rhianna;COCONUT;SEASHELLS;9908.0;2
5167100;Vinnie;Vinnie;COCONUT;SEASHELLS;9904.0;6
5171500;Vinnie;Rhianna;COCONUT;SEASHELLS;9916.0;2
5173600;Vinnie;Vinnie;COCONUT;SEASHELLS;9916.0;10
5177300;Vinnie;Vinnie;COCONUT;SEASHELLS;9909.0;9
5178500;Vinnie;Rhianna;COCONUT;SEASHELLS;9911.0;1
5178600;Vinnie;Rhianna;COCONUT;SEASHELLS;9912.0;1
5179600;Vinnie;Vinnie;COCONUT;SEASHELLS;9912.0;9
5179800;Vinnie;Vinnie;COCONUT;SEASHELLS;9912.0;7
5179900;Vinnie;Rhianna;COCONUT;SEASHELLS;9912.0;3
5181100;Vinnie;Vinnie;COCONUT;SEASHELLS;9915.0;5
5182900;Vinnie;Vinnie;COCONUT;SEASHELLS;9914.0;7
5183500;Vinnie;Vinnie;COCONUT;SEASHELLS;9916.0;6
5185700;Vinnie;Raj;COCONUT;SEASHELLS;9912.0;5
5186400;Vinnie;Rhianna;COCONUT;SEASHELLS;9916.0;3
5189100;Rhianna;Vinnie;COCONUT;SEASHELLS;9909.0;1
5191100;Vinnie;Vinnie;COCONUT;SEASHELLS;9904.0;6
5193000;Raj;Vinnie;COCONUT;SEASHELLS;9910.0;8
5193200;Vinnie;Rhianna;COCONUT;SEASHELLS;9910.0;2
5198900;Vinnie;Vinnie;COCONUT;SEASHELLS;9916.0;6
5200300;Rhianna;Vinnie;COCONUT;SEASHELLS;9914.0;1
5202200;Vinnie;Raj;COCONUT;SEASHELLS;9915.0;10
5202500;Vinnie;Vinnie;COCONUT;SEASHELLS;9916.0;7
5203600;Raj;Vinnie;COCONUT;SEASHELLS;9921.0;5
5211000;Raj;Vinnie;COCONUT;SEASHELLS;9924.0;9
5211900;Vinnie;Vinnie;COCONUT;SEASHELLS;9920.0;8
5213500;Vinnie;Vinnie;COCONUT;SEASHELLS;9926.0;6
5214000;Vinnie;Vinnie;COCONUT;SEASHELLS;9921.0;5
5216800;Vinnie;Vinnie;COCONUT;SEASHELLS;9921.0;7
5217000;Vinnie;Rhianna;COCONUT;SEASHELLS;9923.0;1
5217500;Vinnie;Vinnie;COCONUT;SEASHELLS;9922.0;9
5219400;Vinnie;Raj;COCONUT;SEASHELLS;9909.0;5
5222700;Vinnie;Vinnie;COCONUT;SEASHELLS;9916.0;9
5222800;Vinnie;Rhianna;COCONUT;SEASHELLS;9915.0;1
5223700;Vinnie;Vinnie;COCONUT;SEASHELLS;9917.0;9
5224400;Vinnie;Vinnie;COCONUT;SEASHELLS;9919.0;6
5225000;Vinnie;Rhianna;COCONUT;SEASHELLS;9921.0;2
5226900;Rhianna;Vinnie;COCONUT;SEASHELLS;9930.0;2
5230000;Raj;Vinnie;COCONUT;SEASHELLS;9941.0;8
5230700;Vinnie;Vinnie;COCONUT;SEASHELLS;9937.0;8
5232300;Rhianna;Vinnie;COCONUT;SEASHELLS;9943.0;2
5233200;Vinnie;Vinnie;COCONUT;SEASHELLS;9939.0;6
5233500;Vinnie;Raj;COCONUT;SEASHELLS;9939.0;6
5233600;Vinnie;Vinnie;COCONUT;SEASHELLS;9940.0;7
5233900;Vinnie;Rhianna;COCONUT;SEASHELLS;9940.0;2
5235000;Rhianna;Vinnie;COCONUT;SEASHELLS;9943.0;2
5237400;Vinnie;Vinnie;COCONUT;SEASHELLS;9947.0;8
5238800;Raj;Vinnie;COCONUT;SEASHELLS;9945.0;5
5239100;Vinnie;Vinnie;COCONUT;SEASHELLS;9942.0;8
5240400;Vinnie;Vinnie;COCONUT;SEASHELLS;9939.0;6
5240800;Vinnie;Vinnie;COCONUT;SEASHELLS;9938.0;6
5241500;Vinnie;Vinnie;COCONUT;SEASHELLS;9941.0;10
5244200;Vinnie;Rhianna;COCONUT;SEASHELLS;9940.0;2
5246900;Vinnie;Vinnie;COCONUT;SEASHELLS;9935.0;8
5247800;Vinnie;Vinnie;COCONUT;SEASHELLS;9935.0;9
5248700;Vinnie;Vinnie;COCONUT;SEASHELLS;9936.0;6
5249200;Raj;Vinnie;COCONUT;SEASHELLS;9939.0;9
5250500;Vinnie;Vinnie;COCONUT;SEASHELLS;9940.0;9
5251700;Vinnie;Vinnie;COCONUT;SEASHELLS;9939.0;5
5251800;Vinnie;Vinnie;COCONUT;SEASHELLS;9937.0;7
5252200;Vinnie;Raj;COCONUT;SEASHELLS;9940.0;8
5253300;Vinnie;Vinnie;COCONUT;SEASHELLS;9941.0;9
5253400;Vinnie;Vinnie;COCONUT;SEASHELLS;9939.0;10
5255200;Vinnie;Vinnie;COCONUT;SEASHELLS;9945.0;6
5256800;Vinnie;Vinnie;COCONUT;SEASHELLS;9942.0;8
5259500;Vinnie;Vinnie;COCONUT;SEASHELLS;9947.0;7
5260000;Vinnie;Vinnie;COCONUT;SEASHELLS;9948.0;10
5261600;Vinnie;Vinnie;COCONUT;SEASHELLS;9952.0;7
5261900;Vinnie;Rhianna;COCONUT;SEASHELLS;9952.0;3
5264800;Vinnie;Rhianna;COCONUT;SEASHELLS;9953.0;2
5267100;Vinnie;Vinnie;COCONUT;SEASHELLS;9957.0;5
5274200;Vinnie;Vinnie;COCONUT;SEASHELLS;9947.0;6
5274600;Vinnie;Rhianna;COCONUT;SEASHELLS;9943.0;2
5275500;Vinnie;Vinnie;COCONUT;SEASHELLS;9938.0;5
5278500;Vinnie;Vinnie;COCONUT;SEASHELLS;9927.0;7
5280800;Vinnie;Vinnie;COCONUT;SEASHELLS;9922.0;6
5282000;Vinnie;Rhianna;COCONUT;SEASHELLS;9923.0;3
5282200;Vinnie;Vinnie;COCONUT;SEASHELLS;9924.0;7
5283900;Vinnie;Vinnie;COCONUT;SEASHELLS;9919.0;9
5284100;Vinnie;Raj;COCONUT;SEASHELLS;9918.0;9
5284400;Vinnie;Vinnie;COCONUT;SEASHELLS;9915.0;8
5284900;Vinnie;Vinnie;COCONUT;SEASHELLS;9912.0;6
5286800;Vinnie;Vinnie;COCONUT;SEASHELLS;9914.0;9
5287800;Raj;Vinnie;COCONUT;SEASHELLS;9916.0;9
5291000;Vinnie;Vinnie;COCONUT;SEASHELLS;9910.0;8
5291800;Vinnie;Raj;COCONUT;SEASHELLS;9907.0;5
5292300;Rhianna;Vinnie;COCONUT;SEASHELLS;9907.0;3
5294800;Raj;Vinnie;COCONUT;SEASHELLS;9911.0;6
5295700;Vinnie;Raj;COCONUT;SEASHELLS;9913.0;9
5295700;Vinnie;Vinnie;COCONUT;SEASHELLS;9913.0;7
5296500;Vinnie;Rhianna;COCONUT;SEASHELLS;9912.0;3
5297200;Raj;Vinnie;COCONUT;SEASHELLS;9910.0;10
5298400;Vinnie;Raj;COCONUT;SEASHELLS;9913.0;5
5300000;Raj;Vinnie;COCONUT;SEASHELLS;9911.0;8
5300100;Vinnie;Vinnie;COCONUT;SEASHELLS;9909.0;7
5304300;Vinnie;Vinnie;COCONUT;SEASHELLS;9910.0;9
5311400;Vinnie;Vinnie;COCONUT;SEASHELLS;9919.0;5
5311500;Vinnie;Vinnie;COCONUT;SEASHELLS;9917.0;8
5313300;Vinnie;Raj;COCONUT;SEASHELLS;9916.0;8
5313800;Vinnie;Vinnie;COCONUT;SEASHELLS;9916.0;9
5315400;Vinnie;Vinnie;COCONUT;SEASHELLS;9912.0;6
5317700;Vinnie;Raj;COCONUT;SEASHELLS;9906.0;7
5319500;Vinnie;Vinnie;COCONUT;SEASHELLS;9896.0;6
5321100;Vinnie;Rhianna;COCONUT;SEASHELLS;9900.0;3
5321700;Vinnie;Vinnie;COCONUT;SEASHELLS;9900.0;8
5327300;Vinnie;Vinnie;COCONUT;SEASHELLS;9893.0;10
5328000;Vinnie;Vinnie;COCONUT;SEASHELLS;9898.0;8
5329500;Vinnie;Raj;COCONUT;SEASHELLS;9903.0;9
5331200;Raj;Vinnie;COCONUT;SEASHELLS;9903.0;5
5331200;Rhianna;Vinnie;COCONUT;SEASHELLS;9903.0;2
5334900;Vinnie;Vinnie;COCONUT;SEASHELLS;9898.0;8
5335100;Rhianna;Vinnie;COCONUT;SEASHELLS;9899.0;1
5337100;Vinnie;Vinnie;COCONUT;SEASHELLS;9897.0;10
5337600;Vinnie;Vinnie;COCONUT;SEASHELLS;9899.0;10
5338500;Vinnie;Raj;COCONUT;SEASHELLS;9897.0;8
5338600;Vinnie;Vinnie;COCONUT;SEASHELLS;9897.0;9
5341900;Vinnie;Vinnie;COCONUT;SEASHELLS;9897.0;7
5344700;Vinnie;Vinnie;COCONUT;SEASHELLS;9897.0;8
5345300;Vinnie;Vinnie;COCONUT;SEASHELLS;9894.0;5
5346600;Vinnie;Vinnie;COCONUT;SEASHELLS;9893.0;8
5348800;Vinnie;Vinnie;COCONUT;SEASHELLS;9891.0;9
5349100;Vinnie;Vinnie;COCONUT;SEASHELLS;9888.0;5
5349500;Vinnie;Vinnie;COCONUT;SEASHELLS;9890.0;5
5352900;Vinnie;Vinnie;COCONUT;SEASHELLS;9882.0;6
5356700;Raj;Vinnie;COCONUT;SEASHELLS;9889.0;6
5358700;Vinnie;Vinnie;COCONUT;SEASHELLS;9892.0;7
5361900;Vinnie;Vinnie;COCONUT;SEASHELLS;9892.0;7
5362800;Vinnie;Rhianna;COCONUT;SEASHELLS;9885.0;2
5367100;Raj;Vinnie;COCONUT;SEASHELLS;9881.0;9
5369400;Vinnie;Vinnie;COCONUT;SEASHELLS;9873.0;5
5370400;Vinnie;Vinnie;COCONUT;SEASHELLS;9873.0;5
5370900;Vinnie;Vinnie;COCONUT;SEASHELLS;9875.0;5
5371200;Vinnie;Vinnie;COCONUT;SEASHELLS;9875.0;7
5373400;Vinnie;Vinnie;COCONUT;SEASHELLS;9869.0;5
5374100;Vinnie;Vinnie;COCONUT;SEASHELLS;9866.0;5
5374900;Vinnie;Vinnie;COCONUT;SEASHELLS;9867.0;5
5377600;Vinnie;Rhianna;COCONUT;SEASHELLS;9862.0;1
5379300;Vinnie;Vinnie;COCONUT;SEASHELLS;9863.0;7
5380700;Vinnie;Vinnie;COCONUT;SEASHELLS;9865.0;9
5382000;Vinnie;Vinnie;COCONUT;SEASHELLS;9871.0;9
5382300;Vinnie;Vinnie;COCONUT;SEASHELLS;9871.0;10
5382700;Raj;Vinnie;COCONUT;SEASHELLS;9876.0;10
5383100;Vinnie;Vinnie;COCONUT;SEASHELLS;9874.0;8
5386300;Vinnie;Vinnie;COCONUT;SEASHELLS;9877.0;8
5387300;Vinnie;Vinnie;COCONUT;SEASHELLS;9876.0;7
5388400;Vinnie;Raj;COCONUT;SEASHELLS;9876.0;7
5393600;Vinnie;Raj;COCONUT;SEASHELLS;9887.0;7
5395700;Vinnie;Vinnie;COCONUT;SEASHELLS;9886.0;5
5396300;Rhianna;Vinnie;COCONUT;SEASHELLS;9883.0;1
5398500;Vinnie;Vinnie;COCONUT;SEASHELLS;9881.0;7
5399400;Rhianna;Vinnie;COCONUT;SEASHELLS;9884.0;2
5401200;Vinnie;Vinnie;COCONUT;SEASHELLS;9886.0;9
5406100;Vinnie;Rhianna;COCONUT;SEASHELLS;9896.0;1
5407800;Vinnie;Vinnie;COCONUT;SEASHELLS;9894.0;9
5409300;Vinnie;Vinnie;COCONUT;SEASHELLS;9895.0;8
5412000;Vinnie;Vinnie;COCONUT;SEASHELLS;9897.0;5
5412300;Vinnie;Vinnie;COCONUT;SEASHELLS;9897.0;10
5412500;Vinnie;Vinnie;COCONUT;SEASHELLS;9896.0;10
5414400;Vinnie;Vinnie;COCONUT;SEASHELLS;9892.0;9
5417300;Vinnie;Vinnie;COCONUT;SEASHELLS;9897.0;9
5419700;Vinnie;Vinnie;COCONUT;SEASHELLS;9893.0;5
5420300;Vinnie;Vinnie;COCONUT;SEASHELLS;9899.0;9
5424000;Vinnie;Vinnie;COCONUT;SEASHELLS;9891.0;7
5425800;Vinnie;Vinnie;COCONUT;SEASHELLS;9894.0;9
5427400;Vinnie;Vinnie;COCONUT;SEASHELLS;9898.0;7
5428600;Vinnie;Rhianna;COCONUT;SEASHELLS;9898.0;1
5429800;Vinnie;Vinnie;COCONUT;SEASHELLS;9892.0;7
5430100;Vinnie;Raj;COCONUT;SEASHELLS;9895.0;8
5434800;Vinnie;Vinnie;COCONUT;SEASHELLS;9892.0;10
5437500;Vinnie;Raj;COCONUT;SEASHELLS;9884.0;8
5437600;Vinnie;Vinnie;COCONUT;SEASHELLS;9883.0;5
5439300;Vinnie;Vinnie;COCONUT;SEASHELLS;9882.0;8
5439400;Vinnie;Vinnie;COCONUT;SEASHELLS;9882.0;5
5439700;Vinnie;Vinnie;COCONUT;SEASHELLS;9883.0;5
5446400;Vinnie;Vinnie;COCONUT;SEASHELLS;9882.0;10
5448900;Vinnie;Vinnie;COCONUT;SEASHELLS;9873.0;7
5450600;Rhianna;Vinnie;COCONUT;SEASHELLS;9870.0;3
5453000;Vinnie;Rhianna;COCONUT;SEASHELLS;9873.0;1
5455200;Vinnie;Vinnie;COCONUT;SEASHELLS;9876.0;7
5458100;Vinnie;Vinnie;COCONUT;SEASHELLS;9874.0;9
5458400;Vinnie;Vinnie;COCONUT;SEASHELLS;9875.0;7
5458600;Vinnie;Vinnie;COCONUT;SEASHELLS;9873.0;7
5459900;Vinnie;Vinnie;COCONUT;SEASHELLS;9869.0;5
5460100;Vinnie;Vinnie;COCONUT;SEASHELLS;9869.0;5
5461400;Vinnie;Vinnie;COCONUT;SEASHELLS;9868.0;6
5463200;Vinnie;Vinnie;COCONUT;SEASHELLS;9867.0;6
5464300;Raj;Vinnie;COCONUT;SEASHELLS;9865.0;5
5469100;Vinnie;Raj;COCONUT;SEASHELLS;9874.0;8
5470200;Vinnie;Vinnie;COCONUT;SEASHELLS;9871.0;9
5470500;Vinnie;Vinnie;COCONUT;SEASHELLS;9870.0;9
5471200;Vinnie;Vinnie;COCONUT;SEASHELLS;9872.0;10
5471700;Vinnie;Rhianna;COCONUT;SEASHELLS;9875.0;1
5473200;Vinnie;Vinnie;COCONUT;SEASHELLS;9871.0;8
5475700;Vinnie;Vinnie;COCONUT;SEASHELLS;9868.0;5
5476100;Vinnie;Vinnie;COCONUT;SEASHELLS;9872.0;8
5478700;Vinnie;Vinnie;COCONUT;SEASHELLS;9879.0;7
5479600;Vinnie;Vinnie;COCONUT;SEASHELLS;9878.0;8
5480100;Vinnie;Raj;COCONUT;SEASHELLS;9878.0;8
5480200;Vinnie;Rhianna;COCONUT;SEASHELLS;9876.0;1
5480900;Vinnie;Vinnie;COCONUT;SEASHELLS;9877.0;6
5481200;Vinnie;Raj;COCONUT;SEASHELLS;9877.0;10
5481900;Rhianna;Vinnie;COCONUT;SEASHELLS;9874.0;2
5482200;Vinnie;Vinnie;COCONUT;SEASHELLS;9873.0;5
5482300;Raj;Vinnie;COCONUT;SEASHELLS;9874.0;9
5482300;Vinnie;Vinnie;COCONUT;SEASHELLS;9873.0;9
5483900;Vinnie;Vinnie;COCONUT;SEASHELLS;9874.0;10
5486200;Vinnie;Vinnie;COCONUT;SEASHELLS;9878.0;10
5487200;Vinnie;Vinnie;COCONUT;SEASHELLS;9876.0;8
5487200;Vinnie;Raj;COCONUT;SEASHELLS;9876.0;8
5488200;Vinnie;Vinnie;COCONUT;SEASHELLS;9875.0;6
5488900;Raj;Vinnie;COCONUT;SEASHELLS;9874.0;9
5490300;Vinnie;Raj;COCONUT;SEASHELLS;9872.0;7
5495700;Vinnie;Vinnie;COCONUT;SEASHELLS;9876.0;6
5497000;Rhianna;Vinnie;COCONUT;SEASHELLS;9880.0;1
5497000;Vinnie;Vinnie;COCONUT;SEASHELLS;9879.0;10
5497300;Vinnie;Vinnie;COCONUT;SEASHELLS;9873.0;10
5501500;Rhianna;Vinnie;COCONUT;SEASHELLS;9866.0;2
5505800;Vinnie;Raj;COCONUT;SEASHELLS;9869.0;5
5506000;Vinnie;Vinnie;COCONUT;SEASHELLS;9870.0;6
5507400;Vinnie;Vinnie;COCONUT;SEASHELLS;9871.0;5
5508200;Vinnie;Vinnie;COCONUT;SEASHELLS;9869.0;8
5511200;Rhianna;Vinnie;COCONUT;SEASHELLS;9876.0;3
5512200;Vinnie;Rhianna;COCONUT;SEASHELLS;9868.0;1
5512400;Vinnie;Vinnie;COCONUT;SEASHELLS;9870.0;10
5514500;Vinnie;Rhianna;COCONUT;SEASHELLS;9876.0;2
5514600;Raj;Vinnie;COCONUT;SEASHELLS;9878.0;9
5518600;Vinnie;Vinnie;COCONUT;SEASHELLS;9877.0;5
5520000;Raj;Vinnie;COCONUT;SEASHELLS;9883.0;7
5523100;Vinnie;Vinnie;COCONUT;SEASHELLS;9879.0;8
5524800;Vinnie;Vinnie;COCONUT;SEASHELLS;9878.0;6
5526300;Vinnie;Vinnie;COCONUT;SEASHELLS;9877.0;7
5526600;Vinnie;Vinnie;COCONUT;SEASHELLS;9878.0;8
5529900;Vinnie;Vinnie;COCONUT;SEASHELLS;9871.0;7
5531700;Vinnie;Vinnie;COCONUT;SEASHELLS;9869.0;8
5533500;Vinnie;Vinnie;COCONUT;SEASHELLS;9878.0;8
5534600;Rhianna;Vinnie;COCONUT;SEASHELLS;9881.0;2
5536100;Vinnie;Vinnie;COCONUT;SEASHELLS;9873.0;5
5537800;Vinnie;Raj;COCONUT;SEASHELLS;9867.0;7
5539400;Vinnie;Vinnie;COCONUT;SEASHELLS;9868.0;9
5541600;Vinnie;Vinnie;COCONUT;SEASHELLS;9854.0;9
5542000;Rhianna;Vinnie;COCONUT;SEASHELLS;9853.0;3
5545500;Vinnie;Vinnie;COCONUT;SEASHELLS;9848.0;5
5550200;Vinnie;Rhianna;COCONUT;SEASHELLS;9842.0;2
5550300;Vinnie;Vinnie;COCONUT;SEASHELLS;9843.0;9
5554500;Vinnie;Vinnie;COCONUT;SEASHELLS;9846.0;6
5556300;Vinnie;Vinnie;COCONUT;SEASHELLS;9844.0;7
5562300;Vinnie;Vinnie;COCONUT;SEASHELLS;9834.0;8
5563200;Vinnie;Vinnie;COCONUT;SEASHELLS;9832.0;5
5565000;Vinnie;Vinnie;COCONUT;SEASHELLS;9830.0;10
5565800;Vinnie;Vinnie;COCONUT;SEASHELLS;9830.0;8
5566400;Vinnie;Raj;COCONUT;SEASHELLS;9828.0;5
5567700;Rhianna;Vinnie;COCONUT;SEASHELLS;9828.0;2
5569800;Vinnie;Vinnie;COCONUT;SEASHELLS;9823.0;10
5570200;Vinnie;Vinnie;COCONUT;SEASHELLS;9826.0;6
5573600;Vinnie;Rhianna;COCONUT;SEASHELLS;9814.0;1
5574500;Vinnie;Vinnie;COCONUT;SEASHELLS;9813.0;10
5575000;Vinnie;Vinnie;COCONUT;SEASHELLS;9811.0;5
5576200;Vinnie;Vinnie;COCONUT;SEASHELLS;9813.0;6
5576900;Vinnie;Vinnie;COCONUT;SEASHELLS;9815.0;7
5580200;Raj;Vinnie;COCONUT;SEASHELLS;9811.0;7
5580400;Vinnie;Rhianna;COCONUT;SEASHELLS;9810.0;3
5580800;Vinnie;Vinnie;COCONUT;SEASHELLS;9815.0;10
5581000;Vinnie;Vinnie;COCONUT;SEASHELLS;9815.0;5
5581600;Vinnie;Vinnie;COCONUT;SEASHELLS;9816.0;6
5581800;Vinnie;Vinnie;COCONUT;SEASHELLS;9816.0;9
5582000;Vinnie;Vinnie;COCONUT;SEASHELLS;9817.0;10
5583700;Vinnie;Vinnie;COCONUT;SEASHELLS;9818.0;7
5585200;Vinnie;Vinnie;COCONUT;SEASHELLS;9827.0;8
5586100;Vinnie;Rhianna;COCONUT;SEASHELLS;9824.0;3
5586600;Raj;Vinnie;COCONUT;SEASHELLS;9828.0;7
5588600;Rhianna;Vinnie;COCONUT;SEASHELLS;9828.0;2
5588700;Vinnie;Raj;COCONUT;SEASHELLS;9827.0;7
5588700;Vinnie;Vinnie;COCONUT;SEASHELLS;9827.0;6
5589500;Vinnie;Raj;COCONUT;SEASHELLS;9824.0;10
5591400;Raj;Vinnie;COCONUT;SEASHELLS;9834.0;5
5593500;Vinnie;Vinnie;COCONUT;SEASHELLS;9838.0;7
5593800;Vinnie;Vinnie;COCONUT;SEASHELLS;9836.0;6
5596900;Vinnie;Raj;COCONUT;SEASHELLS;9839.0;9
5597400;Vinnie;Rhianna;COCONUT;SEASHELLS;9841.0;2
5597900;Vinnie;Vinnie;COCONUT;SEASHELLS;9842.0;6
5600400;Vinnie;Vinnie;COCONUT;SEASHELLS;9848.0;10
5600700;Vinnie;Vinnie;COCONUT;SEASHELLS;9846.0;9
5600900;Vinnie;Vinnie;COCONUT;SEASHELLS;9845.0;6
5601100;Vinnie;Vinnie;COCONUT;SEASHELLS;9846.0;7
5603100;Vinnie;Raj;COCONUT;SEASHELLS;9837.0;7
5606400;Vinnie;Vinnie;COCONUT;SEASHELLS;9834.0;7
5607300;Vinnie;Vinnie;COCONUT;SEASHELLS;9831.0;8
5607400;Rhianna;Vinnie;COCONUT;SEASHELLS;9833.0;2
5607800;Vinnie;Vinnie;COCONUT;SEASHELLS;9834.0;8
5607900;Vinnie;Vinnie;COCONUT;SEASHELLS;9834.0;7
5610600;Vinnie;Vinnie;COCONUT;SEASHELLS;9827.0;5
5610900;Vinnie;Vinnie;COCONUT;SEASHELLS;9827.0;6
5611200;Rhianna;Vinnie;COCONUT;SEASHELLS;9829.0;2
5611800;Raj;Vinnie;COCONUT;SEASHELLS;9830.0;10
5612600;Vinnie;Vinnie;COCONUT;SEASHELLS;9826.0;9
5613200;Raj;Vinnie;COCONUT;SEASHELLS;9828.0;8
5614100;Vinnie;Vinnie;COCONUT;SEASHELLS;9828.0;8
5617300;Vinnie;Vinnie;COCONUT;SEASHELLS;9834.0;6
5619100;Vinnie;Raj;COCONUT;SEASHELLS;9831.0;6
5620300;Vinnie;Vinnie;COCONUT;SEASHELLS;9828.0;8
5620400;Vinnie;Rhianna;COCONUT;SEASHELLS;9828.0;1
5624700;Vinnie;Vinnie;COCONUT;SEASHELLS;9824.0;8
5626300;Vinnie;Vinnie;COCONUT;SEASHELLS;9830.0;5
5627700;Raj;Vinnie;COCONUT;SEASHELLS;9836.0;6
5628000;Vinnie;Vinnie;COCONUT;SEASHELLS;9835.0;8
5629900;Vinnie;Vinnie;COCONUT;SEASHELLS;9840.0;7
5631500;Vinnie;Rhianna;COCONUT;SEASHELLS;9838.0;1
5631800;Rhianna;Vinnie;COCONUT;SEASHELLS;9841.0;3
5631900;Vinnie;Vinnie;COCONUT;SEASHELLS;9841.0;8
5635300;Vinnie;Rhianna;COCONUT;SEASHELLS;9846.0;1
5636700;Vinnie;Vinnie;COCONUT;SEASHELLS;9847.0;10
5638500;Vinnie;Vinnie;COCONUT;SEASHELLS;9844.0;9
5639400;Rhianna;Vinnie;COCONUT;SEASHELLS;9845.0;1
5642400;Rhianna;Vinnie;COCONUT;SEASHELLS;9845.0;1
5643700;Vinnie;Vinnie;COCONUT;SEASHELLS;9836.0;6
5644100;Vinnie;Vinnie;COCONUT;SEASHELLS;9837.0;7
5645000;Vinnie;Vinnie;COCONUT;SEASHELLS;9839.0;10
5645900;Vinnie;Vinnie;COCONUT;SEASHELLS;9839.0;5
5646300;Rhianna;Vinnie;COCONUT;SEASHELLS;9843.0;2
5648300;Raj;Vinnie;COCONUT;SEASHELLS;9849.0;10
5648400;Vinnie;Vinnie;COCONUT;SEASHELLS;9849.0;9
5651200;Vinnie;Vinnie;COCONUT;SEASHELLS;9843.0;8
5652500;Vinnie;Vinnie;COCONUT;SEASHELLS;9849.0;10
5653800;Vinnie;Vinnie;COCONUT;SEASHELLS;9851.0;10
5654100;Vinnie;Raj;COCONUT;SEASHELLS;9853.0;7
5656300;Vinnie;Vinnie;COCONUT;SEASHELLS;9853.0;6
5662700;Raj;Vinnie;COCONUT;SEASHELLS;9853.0;8
5664300;Vinnie;Rhianna;COCONUT;SEASHELLS;9859.0;3
5671500;Vinnie;Vinnie;COCONUT;SEASHELLS;9865.0;6
5675800;Vinnie;Raj;COCONUT;SEASHELLS;9867.0;6
5675900;Vinnie;Vinnie;COCONUT;SEASHELLS;9868.0;6
5678600;Vinnie;Vinnie;COCONUT;SEASHELLS;9875.0;10
5679800;Vinnie;Vinnie;COCONUT;SEASHELLS;9869.0;9
5683500;Vinnie;Vinnie;COCONUT;SEASHELLS;9880.0;7
5687900;Vinnie;Vinnie;COCONUT;SEASHELLS;9870.0;10
5688200;Vinnie;Vinnie;COCONUT;SEASHELLS;9872.0;9
5688900;Vinnie;Vinnie;COCONUT;SEASHELLS;9871.0;7
5689100;Vinnie;Vinnie;COCONUT;SEASHELLS;9870.0;5
5689500;Vinnie;Raj;COCONUT;SEASHELLS;9870.0;7
5690700;Vinnie;Raj;COCONUT;SEASHELLS;9868.0;5
5692200;Vinnie;Vinnie;COCONUT;SEASHELLS;9870.0;9
5692400;Vinnie;Vinnie;COCONUT;SEASHELLS;9870.0;8
5693300;Vinnie;Raj;COCONUT;SEASHELLS;9876.0;5
5693500;Vinnie;Vinnie;COCONUT;SEASHELLS;9877.0;9
5694300;Raj;Vinnie;COCONUT;SEASHELLS;9878.0;7
5695900;Raj;Vinnie;COCONUT;SEASHELLS;9874.0;9
5697500;Vinnie;Vinnie;COCONUT;SEASHELLS;9875.0;5
5700700;Vinnie;Vinnie;COCONUT;SEASHELLS;9878.0;5
5702400;Vinnie;Vinnie;COCONUT;SEASHELLS;9878.0;6
5703000;Rhianna;Vinnie;COCONUT;SEASHELLS;9878.0;2
5703500;Vinnie;Vinnie;COCONUT;SEASHELLS;9877.0;5
5704200;Vinnie;Rhianna;COCONUT;SEASHELLS;9870.0;2
5704400;Rhianna;Vinnie;COCONUT;SEASHELLS;9871.0;3
5705800;Vinnie;Vinnie;COCONUT;SEASHELLS;9866.0;10
5706600;Vinnie;Vinnie;COCONUT;SEASHELLS;9860.0;7
5707200;Vinnie;Rhianna;COCONUT;SEASHELLS;9861.0;1
5707900;Vinnie;Vinnie;COCONUT;SEASHELLS;9863.0;5
5708200;Vinnie;Vinnie;COCONUT;SEASHELLS;9860.0;5
5709100;Vinnie;Vinnie;COCONUT;SEASHELLS;9859.0;9
5709500;Vinnie;Vinnie;COCONUT;SEASHELLS;9856.0;9
5710000;Vinnie;Vinnie;COCONUT;SEASHELLS;9860.0;7
5710500;Vinnie;Raj;COCONUT;SEASHELLS;9857.0;8
5716300;Vinnie;Raj;COCONUT;SEASHELLS;9863.0;8
5723600;Vinnie;Vinnie;COCONUT;SEASHELLS;9862.0;5
5724700;Raj;Vinnie;COCONUT;SEASHELLS;9862.0;6
5726300;Vinnie;Vinnie;COCONUT;SEASHELLS;9862.0;6
5727000;Rhianna;Vinnie;COCONUT;SEASHELLS;9866.0;2
5727300;Vinnie;Vinnie;COCONUT;SEASHELLS;9863.0;7
5732000;Vinnie;Vinnie;COCONUT;SEASHELLS;9863.0;9
5733200;Vinnie;Rhianna;COCONUT;SEASHELLS;9857.0;1
5734200;Raj;Vinnie;COCONUT;SEASHELLS;9865.0;8
5734600;Vinnie;Vinnie;COCONUT;SEASHELLS;9865.0;5
5737200;Vinnie;Vinnie;COCONUT;SEASHELLS;9868.0;7
5738100;Vinnie;Raj;COCONUT;SEASHELLS;9863.0;8
5739200;Vinnie;Vinnie;COCONUT;SEASHELLS;9862.0;8
5743000;Vinnie;Vinnie;COCONUT;SEASHELLS;9866.0;7
5744700;Rhianna;Vinnie;COCONUT;SEASHELLS;9875.0;2
5746300;Vinnie;Vinnie;COCONUT;SEASHELLS;9875.0;7
5747800;Raj;Vinnie;COCONUT;SEASHELLS;9881.0;8
5748000;Raj;Vinnie;COCONUT;SEASHELLS;9881.0;10
5748600;Vinnie;Vinnie;COCONUT;SEASHELLS;9882.0;10
5748800;Vinnie;Vinnie;COCONUT;SEASHELLS;9883.0;5
5749900;Vinnie;Vinnie;COCONUT;SEASHELLS;9885.0;7
5750600;Vinnie;Raj;COCONUT;SEASHELLS;9886.0;5
5753100;Rhianna;Vinnie;COCONUT;SEASHELLS;9889.0;2
5753400;Vinnie;Vinnie;COCONUT;SEASHELLS;9887.0;10
5754200;Vinnie;Vinnie;COCONUT;SEASHELLS;9884.0;9
5756500;Vinnie;Vinnie;COCONUT;SEASHELLS;9879.0;8
5759600;Vinnie;Vinnie;COCONUT;SEASHELLS;9870.0;7
5761800;Vinnie;Vinnie;COCONUT;SEASHELLS;9872.0;7
5762400;Vinnie;Raj;COCONUT;SEASHELLS;9869.0;6
5767000;Vinnie;Raj;COCONUT;SEASHELLS;9867.0;7
5770600;Vinnie;Vinnie;COCONUT;SEASHELLS;9859.0;7
5772000;Vinnie;Raj;COCONUT;SEASHELLS;9864.0;10
5772700;Vinnie;Vinnie;COCONUT;SEASHELLS;9861.0;10
5774400;Vinnie;Vinnie;COCONUT;SEASHELLS;9861.0;5
5775000;Vinnie;Vinnie;COCONUT;SEASHELLS;9864.0;7
5778000;Vinnie;Raj;COCONUT;SEASHELLS;9864.0;7
5778100;Rhianna;Vinnie;COCONUT;SEASHELLS;9865.0;1
5778200;Vinnie;Vinnie;COCONUT;SEASHELLS;9863.0;7
5780400;Rhianna;Vinnie;COCONUT;SEASHELLS;9867.0;1
5780800;Vinnie;Vinnie;COCONUT;SEASHELLS;9869.0;9
5781400;Rhianna;Vinnie;COCONUT;SEASHELLS;9874.0;3
5782500;Raj;Vinnie;COCONUT;SEASHELLS;9880.0;8
5782500;Vinnie;Vinnie;COCONUT;SEASHELLS;9878.0;8
5783100;Vinnie;Raj;COCONUT;SEASHELLS;9880.0;8
5783300;Rhianna;Vinnie;COCONUT;SEASHELLS;9879.0;1
5784700;Vinnie;Vinnie;COCONUT;SEASHELLS;9876.0;5
5784700;Vinnie;Rhianna;COCONUT;SEASHELLS;9876.0;3
5785000;Vinnie;Vinnie;COCONUT;SEASHELLS;9872.0;8
5788900;Vinnie;Raj;COCONUT;SEASHELLS;9865.0;8
5798300;Raj;Vinnie;COCONUT;SEASHELLS;9855.0;8
5802100;Vinnie;Raj;COCONUT;SEASHELLS;9861.0;6
5802800;Vinnie;Vinnie;COCONUT;SEASHELLS;9864.0;7
5804000;Vinnie;Vinnie;COCONUT;SEASHELLS;9864.0;7
5805500;Vinnie;Vinnie;COCONUT;SEASHELLS;9864.0;6
5806200;Rhianna;Vinnie;COCONUT;SEASHELLS;9866.0;2
5807300;Vinnie;Rhianna;COCONUT;SEASHELLS;9868.0;1
5810800;Vinnie;Raj;COCONUT;SEASHELLS;9869.0;9
5812000;Vinnie;Vinnie;COCONUT;SEASHELLS;9865.0;6
5813000;Vinnie;Vinnie;COCONUT;SEASHELLS;9861.0;9
5813600;Vinnie;Vinnie;COCONUT;SEASHELLS;9860.0;8
5813900;Vinnie;Vinnie;COCONUT;SEASHELLS;9858.0;10
5814000;Vinnie;Vinnie;COCONUT;SEASHELLS;9857.0;5
5815200;Raj;Vinnie;COCONUT;SEASHELLS;9852.0;9
5815300;Vinnie;Vinnie;COCONUT;SEASHELLS;9851.0;7
5819700;Vinnie;Vinnie;COCONUT;SEASHELLS;9856.0;5
5820500;Vinnie;Vinnie;COCONUT;SEASHELLS;9857.0;10
5821500;Vinnie;Vinnie;COCONUT;SEASHELLS;9860.0;7
5821600;Vinnie;Vinnie;COCONUT;SEASHELLS;9861.0;9
5821900;Vinnie;Vinnie;COCONUT;SEASHELLS;9860.0;10
5822200;Vinnie;Vinnie;COCONUT;SEASHELLS;9859.0;6
5824900;Vinnie;Vinnie;COCONUT;SEASHELLS;9862.0;8
5826200;Raj;Vinnie;COCONUT;SEASHELLS;9863.0;6
5826600;Rhianna;Vinnie;COCONUT;SEASHELLS;9862.0;1
5827000;Vinnie;Raj;COCONUT;SEASHELLS;9859.0;6
5827300;Vinnie;Raj;COCONUT;SEASHELLS;9862.0;10
5828600;Vinnie;Vinnie;COCONUT;SEASHELLS;9865.0;9
5831300;Vinnie;Raj;COCONUT;SEASHELLS;9863.0;9
5832000;Vinnie;Vinnie;COCONUT;SEASHELLS;9867.0;6
5834500;Raj;Vinnie;COCONUT;SEASHELLS;9877.0;5
5835700;Vinnie;Raj;COCONUT;SEASHELLS;9876.0;9
5837200;Vinnie;Vinnie;COCONUT;SEASHELLS;9879.0;5
5837400;Vinnie;Vinnie;COCONUT;SEASHELLS;9879.0;6
5839400;Vinnie;Vinnie;COCONUT;SEASHELLS;9881.0;10
5841800;Vinnie;Vinnie;COCONUT;SEASHELLS;9882.0;9
5846600;Vinnie;Vinnie;COCONUT;SEASHELLS;9886.0;5
5847200;Rhianna;Vinnie;COCONUT;SEASHELLS;9889.0;3
5847800;Vinnie;Vinnie;COCONUT;SEASHELLS;9889.0;8
5850300;Vinnie;Rhianna;COCONUT;SEASHELLS;9889.0;3
5851700;Vinnie;Rhianna;COCONUT;SEASHELLS;9886.0;3
5853000;Vinnie;Raj;COCONUT;SEASHELLS;9883.0;5
5855300;Vinnie;Vinnie;COCONUT;SEASHELLS;9889.0;6
5855700;Vinnie;Vinnie;COCONUT;SEASHELLS;9886.0;5
5860200;Vinnie;Rhianna;COCONUT;SEASHELLS;9892.0;3
5860600;Raj;Vinnie;COCONUT;SEASHELLS;9894.0;5
5862900;Vinnie;Rhianna;COCONUT;SEASHELLS;9888.0;2
5863800;Vinnie;Vinnie;COCONUT;SEASHELLS;9889.0;10
5865400;Vinnie;Vinnie;COCONUT;SEASHELLS;9885.0;9
5872200;Vinnie;Vinnie;COCONUT;SEASHELLS;9873.0;9
5872900;Vinnie;Vinnie;COCONUT;SEASHELLS;9872.0;8
5875000;Vinnie;Vinnie;COCONUT;SEASHELLS;9878.0;5
5876900;Vinnie;Raj;COCONUT;SEASHELLS;9878.0;8
5877500;Vinnie;Vinnie;COCONUT;SEASHELLS;9874.0;7
5880800;Vinnie;Vinnie;COCONUT;SEASHELLS;9882.0;10
5883900;Vinnie;Vinnie;COCONUT;SEASHELLS;9884.0;7
5885600;Vinnie;Rhianna;COCONUT;SEASHELLS;9884.0;3
5887500;Vinnie;Vinnie;COCONUT;SEASHELLS;9889.0;10
5890400;Raj;Vinnie;COCONUT;SEASHELLS;9887.0;6
5891000;Vinnie;Vinnie;COCONUT;SEASHELLS;9888.0;9
5892400;Vinnie;Vinnie;COCONUT;SEASHELLS;9885.0;6
5895100;Rhianna;Vinnie;COCONUT;SEASHELLS;9884.0;1
5895600;Vinnie;Rhianna;COCONUT;SEASHELLS;9879.0;3
5897800;Vinnie;Raj;COCONUT;SEASHELLS;9881.0;7
5902600;Vinnie;Vinnie;COCONUT;SEASHELLS;9884.0;7
5902900;Raj;Vinnie;COCONUT;SEASHELLS;9887.0;7
5905000;Rhianna;Vinnie;COCONUT;SEASHELLS;9881.0;3
5907900;Vinnie;Vinnie;COCONUT;SEASHELLS;9879.0;6
5909100;Vinnie;Vinnie;COCONUT;SEASHELLS;9881.0;6
5909700;Vinnie;Raj;COCONUT;SEASHELLS;9881.0;8
5910600;Raj;Vinnie;COCONUT;SEASHELLS;9881.0;7
5910900;Vinnie;Rhianna;COCONUT;SEASHELLS;9881.0;2
5911100;Raj;Vinnie;COCONUT;SEASHELLS;9883.0;9
5914000;Vinnie;Rhianna;COCONUT;SEASHELLS;9877.0;3
5914600;Vinnie;Raj;COCONUT;SEASHELLS;9879.0;10
5915300;Raj;Vinnie;COCONUT;SEASHELLS;9882.0;9
5917300;Vinnie;Vinnie;COCONUT;SEASHELLS;9878.0;8
5918200;Vinnie;Raj;COCONUT;SEASHELLS;9879.0;5
5919400;Vinnie;Vinnie;COCONUT;SEASHELLS;9882.0;8
5920300;Vinnie;Rhianna;COCONUT;SEASHELLS;9885.0;2
5920800;Raj;Vinnie;COCONUT;SEASHELLS;9888.0;7
5923000;Vinnie;Rhianna;COCONUT;SEASHELLS;9879.0;3
5927000;Vinnie;Vinnie;COCONUT;SEASHELLS;9878.0;6
5928500;Raj;Vinnie;COCONUT;SEASHELLS;9875.0;9
5928500;Vinnie;Vinnie;COCONUT;SEASHELLS;9874.0;6
5930100;Vinnie;Vinnie;COCONUT;SEASHELLS;9877.0;9
5930900;Vinnie;Vinnie;COCONUT;SEASHELLS;9878.0;8
5931400;Vinnie;Vinnie;COCONUT;SEASHELLS;9879.0;5
5933600;Vinnie;Vinnie;COCONUT;SEASHELLS;9882.0;5
5934900;Vinnie;Vinnie;COCONUT;SEASHELLS;9887.0;6
5935000;Vinnie;Vinnie;COCONUT;SEASHELLS;9887.0;8
5941600;Vinnie;Vinnie;COCONUT;SEASHELLS;9891.0;10
5943200;Rhianna;Vinnie;COCONUT;SEASHELLS;9890.0;3
5944300;Vinnie;Vinnie;COCONUT;SEASHELLS;9888.0;9
5944900;Rhianna;Vinnie;COCONUT;SEASHELLS;9889.0;2
5946400;Vinnie;Vinnie;COCONUT;SEASHELLS;9886.0;7
5947900;Vinnie;Raj;COCONUT;SEASHELLS;9890.0;6
5948500;Vinnie;Vinnie;COCONUT;SEASHELLS;9889.0;8
5948700;Vinnie;Raj;COCONUT;SEASHELLS;9887.0;6
5952000;Vinnie;Vinnie;COCONUT;SEASHELLS;9897.0;5
5955500;Vinnie;Rhianna;COCONUT;SEASHELLS;9897.0;2
5956700;Vinnie;Vinnie;COCONUT;SEASHELLS;9896.0;7
5959700;Raj;Vinnie;COCONUT;SEASHELLS;9890.0;9
5963200;Vinnie;Rhianna;COCONUT;SEASHELLS;9898.0;1
5963400;Vinnie;Raj;COCONUT;SEASHELLS;9897.0;9
5966800;Vinnie;Vinnie;COCONUT;SEASHELLS;9901.0;9
5966900;Vinnie;Rhianna;COCONUT;SEASHELLS;9900.0;3
5967700;Vinnie;Vinnie;COCONUT;SEASHELLS;9895.0;5
5967900;Rhianna;Vinnie;COCONUT;SEASHELLS;9898.0;2
5969000;Vinnie;Vinnie;COCONUT;SEASHELLS;9891.0;6
5969800;Rhianna;Vinnie;COCONUT;SEASHELLS;9889.0;1
5970600;Vinnie;Vinnie;COCONUT;SEASHELLS;9889.0;8
5971200;Raj;Vinnie;COCONUT;SEASHELLS;9885.0;7
5974100;Vinnie;Vinnie;COCONUT;SEASHELLS;9885.0;5
5974600;Vinnie;Vinnie;COCONUT;SEASHELLS;9883.0;7
5976100;Vinnie;Vinnie;COCONUT;SEASHELLS;9881.0;5
5978100;Vinnie;Vinnie;COCONUT;SEASHELLS;9883.0;6
5978200;Vinnie;Vinnie;COCONUT;SEASHELLS;9881.0;5
5980100;Vinnie;Vinnie;COCONUT;SEASHELLS;9882.0;8
5981200;Rhianna;Vinnie;COCONUT;SEASHELLS;9886.0;1
5983400;Raj;Vinnie;COCONUT;SEASHELLS;9884.0;6
5983400;Vinnie;Vinnie;COCONUT;SEASHELLS;9883.0;5
5984200;Rhianna;Vinnie;COCONUT;SEASHELLS;9882.0;3
5986200;Vinnie;Raj;COCONUT;SEASHELLS;9878.0;9
5989700;Rhianna;Vinnie;COCONUT;SEASHELLS;9879.0;3
5989700;Raj;Vinnie;COCONUT;SEASHELLS;9879.0;5
5992000;Vinnie;Raj;COCONUT;SEASHELLS;9887.0;9
5993200;Rhianna;Vinnie;COCONUT;SEASHELLS;9888.0;3
5993700;Raj;Vinnie;COCONUT;SEASHELLS;9887.0;7
5993800;Vinnie;Vinnie;COCONUT;SEASHELLS;9885.0;6
5994100;Vinnie;Vinnie;COCONUT;SEASHELLS;9883.0;9
5994300;Rhianna;Vinnie;COCONUT;SEASHELLS;9885.0;3
5994900;Vinnie;Vinnie;COCONUT;SEASHELLS;9885.0;9
5995500;Vinnie;Vinnie;COCONUT;SEASHELLS;9887.0;8
5997100;Vinnie;Vinnie;COCONUT;SEASHELLS;9885.0;9
5997200;Vinnie;Vinnie;COCONUT;SEASHELLS;9883.0;8
5998600;Vinnie;Raj;COCONUT;SEASHELLS;9887.0;5
